compound_name,inchikey,connectivity,in_tggates,tggates_liver,tggates_kidney,in_drugmatrix,cross_platform_replicate,in_tox21,tox21_assays_labelled,tox21_assays_active,NR-AR,NR-AR-LBD,NR-AhR,NR-Aromatase,NR-ER,NR-ER-LBD,NR-PPAR-gamma,SR-ARE,SR-ATAD5,SR-HSE,SR-MMP,SR-p53
(+)-Pulegone,NZGWDASTMWDZIW-MRVPVSSYSA-N,NZGWDASTMWDZIW,,,,Y,,Y,8,0,,,0,,,0,0,0,0,0,0,0
(R)-Bicalutamide,LKJPYSCBVHEWIU-KRWDZBQOSA-N,LKJPYSCBVHEWIU,,,,Y,,Y,11,2,0,0,0,0,0,0,,1,0,0,1,0
"1,1-Dichloroethene",LGXVIGDEPROXKC-UHFFFAOYSA-N,LGXVIGDEPROXKC,,,,Y,,Y,12,0,0,0,0,0,0,0,0,0,0,0,0,0
"1,2,3-Trichloropropane",CFXQEHVMCRXUSD-UHFFFAOYSA-N,CFXQEHVMCRXUSD,,,,Y,,Y,12,1,0,0,0,0,1,0,0,0,0,0,0,0
"1,4-Dichlorobenzene",OCJBOOLMMGQPQU-UHFFFAOYSA-N,OCJBOOLMMGQPQU,,,,Y,,Y,12,0,0,0,0,0,0,0,0,0,0,0,0,0
"2,3,7,8-Tetrachlorodibenzo-P-Dioxin",HGUFODBRKLSHSI-UHFFFAOYSA-N,HGUFODBRKLSHSI,,,,Y,,Y,10,2,0,0,1,,0,0,0,1,0,0,,0
"2,4-Diaminophenol",XIWMTQIUUWJNRP-UHFFFAOYSA-N,XIWMTQIUUWJNRP,,,,Y,,Y,11,1,0,0,0,0,,0,0,0,0,0,1,0
"2,4-dinitrophenol",UFBJCMHMOXMLKC-UHFFFAOYSA-N,UFBJCMHMOXMLKC,Y,Y,,,,Y,7,2,0,,,0,,0,,1,,0,1,0
2-Amino-4-Nitrophenol,VLZVIIYRNMWPSN-UHFFFAOYSA-N,VLZVIIYRNMWPSN,,,,Y,,Y,11,3,0,0,1,,0,0,0,1,0,0,1,0
2-Nitroanisole,CFBYEGUGFPZCNF-UHFFFAOYSA-N,CFBYEGUGFPZCNF,,,,Y,,Y,12,0,0,0,0,0,0,0,0,0,0,0,0,0
2-nitrofluorene,XFOHWECQTFIEIX-UHFFFAOYSA-N,XFOHWECQTFIEIX,Y,Y,,,,Y,11,4,0,0,1,,1,0,0,1,0,0,1,0
"3,3'',4'',5-Tetrachlorosalicylanilide",SJQBHPJLLIJASD-UHFFFAOYSA-N,SJQBHPJLLIJASD,,,,Y,,Y,6,4,0,,1,,,,,,0,1,1,1
"3,3'',5-Triiodo-L-Thyronine",AUYYCJSJGJYCDS-LBPRGKRZSA-N,AUYYCJSJGJYCDS,,,,Y,,Y,12,4,0,0,1,0,1,1,0,0,0,0,1,0
3-Acetamidophenol,QLNWXBAGRTUKKI-UHFFFAOYSA-N,QLNWXBAGRTUKKI,,,,Y,,Y,12,0,0,0,0,0,0,0,0,0,0,0,0,0
3-Chloroaniline,PNPCRKVUWYDDST-UHFFFAOYSA-N,PNPCRKVUWYDDST,,,,Y,,Y,12,0,0,0,0,0,0,0,0,0,0,0,0,0
3-methylcholanthrene,PPQNQXQZIWHJRB-UHFFFAOYSA-N,PPQNQXQZIWHJRB,Y,Y,,Y,Y,Y,7,3,0,0,1,,,,,1,0,,1,0
"4,4''-Methylenedianiline",YBRVSVVVWCFQMG-UHFFFAOYSA-N,YBRVSVVVWCFQMG,,,,Y,,Y,12,1,0,0,1,0,0,0,0,0,0,0,0,0
4-Chloro-2-Nitroaniline,PBGKNXWGYQPUJK-UHFFFAOYSA-N,PBGKNXWGYQPUJK,,,,Y,,Y,10,1,0,0,,0,,0,0,0,0,0,1,0
4-Chloroaniline,QSNSCYSYFYORTR-UHFFFAOYSA-N,QSNSCYSYFYORTR,,,,Y,,Y,11,1,0,0,1,0,0,0,,0,0,0,0,0
4-Methylpyrazole,RIKMMFOAQPJVMX-UHFFFAOYSA-N,RIKMMFOAQPJVMX,,,,Y,,Y,12,0,0,0,0,0,0,0,0,0,0,0,0,0
4-Nitrobenzoic Acid,OTLNPYWUJOZPPA-UHFFFAOYSA-N,OTLNPYWUJOZPPA,,,,Y,,Y,12,0,0,0,0,0,0,0,0,0,0,0,0,0
4-Nitrotoluene,ZPTVNYMJQHSSEA-UHFFFAOYSA-N,ZPTVNYMJQHSSEA,,,,Y,,Y,12,0,0,0,0,0,0,0,0,0,0,0,0,0
4-Nonylphenol,IGFHQQFPSIBGKE-UHFFFAOYSA-N,IGFHQQFPSIBGKE,,,,Y,,Y,9,1,0,0,0,,1,0,0,,0,0,,0
4-Octylphenol,NTDQQZYCCIDJRK-UHFFFAOYSA-N,NTDQQZYCCIDJRK,,,,Y,,Y,9,2,0,0,0,,1,0,0,,0,,1,0
5-Fluoro-2'-Deoxyuridine,ODKNJVUHOIMIIZ-UHFFFAOYSA-N,ODKNJVUHOIMIIZ,,,,Y,,Y,9,2,,,0,0,0,0,,1,0,0,0,1
6-Mercaptopurine,GLVAUDGFNGKCSF-UHFFFAOYSA-N,GLVAUDGFNGKCSF,,,,Y,,Y,10,3,0,0,1,,0,0,,1,0,0,0,1
Abamectin,RRZXIRBKKLTSOM-XPNPUAGNSA-N,RRZXIRBKKLTSOM,,,,Y,,Y,11,2,0,0,0,0,0,0,,1,0,0,1,0
Aceclofenac,MNIPYSSQXLZQLJ-UHFFFAOYSA-N,MNIPYSSQXLZQLJ,,,,Y,,Y,11,1,0,0,0,0,0,0,1,0,0,0,,0
Acemetacin,FSQKKOOTNAMONP-UHFFFAOYSA-N,FSQKKOOTNAMONP,,,,Y,,Y,10,0,0,0,0,0,0,0,,0,0,0,,0
acetamide,DLFVBJFMPXGRIB-UHFFFAOYSA-N,DLFVBJFMPXGRIB,Y,Y,,,,Y,12,0,0,0,0,0,0,0,0,0,0,0,0,0
acetamidofluorene,CZIHNRWJTSTCEX-UHFFFAOYSA-N,CZIHNRWJTSTCEX,Y,Y,,Y,Y,Y,11,5,0,0,1,,1,0,0,1,1,0,1,0
acetaminophen,RZVAJINKPMORJF-UHFFFAOYSA-N,RZVAJINKPMORJF,Y,Y,Y,Y,Y,Y,12,0,0,0,0,0,0,0,0,0,0,0,0,0
acetazolamide,BZKPWHYZMXOIDC-UHFFFAOYSA-N,BZKPWHYZMXOIDC,Y,Y,Y,Y,Y,Y,12,0,0,0,0,0,0,0,0,0,0,0,0,0
Acetone,CSCPPACGZOOCGX-UHFFFAOYSA-N,CSCPPACGZOOCGX,,,,Y,,Y,11,0,0,0,0,0,0,0,0,0,0,0,,0
Aconitine,XFSBVAOIAHNAPC-XTHSEXKGSA-N,XFSBVAOIAHNAPC,,,,Y,,Y,10,0,0,0,0,0,0,0,0,,0,,0,0
Acrolein,HGINCPLSRVDWNT-UHFFFAOYSA-N,HGINCPLSRVDWNT,,,,Y,,Y,12,1,0,0,0,0,0,0,0,1,0,0,0,0
Acyclovir,MKUXAQIIEYXACX-UHFFFAOYSA-N,MKUXAQIIEYXACX,,,,Y,,Y,12,0,0,0,0,0,0,0,0,0,0,0,0,0
adapin,ODQWQRRAPPTVAG-GZTJUZNOSA-N,ODQWQRRAPPTVAG,Y,Y,,Y,Y,Y,11,0,0,0,0,0,0,0,0,0,0,0,,0
ajmaline,CJDRUOGAGYHKKD-RQBLFBSQSA-N,CJDRUOGAGYHKKD,Y,Y,,,,Y,9,0,0,0,0,0,0,0,0,,0,,,0
Albendazole,HXHWSAZORRCQMX-UHFFFAOYSA-N,HXHWSAZORRCQMX,,,,Y,,Y,10,6,0,,1,,1,0,0,0,1,1,1,1
Alendronic Acid,OGSPWJRAVKPPFI-UHFFFAOYSA-N,OGSPWJRAVKPPFI,,,,Y,,Y,2,0,,,,,,,,0,,0,,
allopurinol,OFCNXPDARWKPPY-UHFFFAOYSA-N,OFCNXPDARWKPPY,Y,Y,Y,Y,Y,Y,12,0,0,0,0,0,0,0,0,0,0,0,0,0
allyl alcohol,XXROGKLTLUQVRX-UHFFFAOYSA-N,XXROGKLTLUQVRX,Y,Y,Y,Y,Y,Y,12,0,0,0,0,0,0,0,0,0,0,0,0,0
alpidem,JRTIDHTUMYMPRU-UHFFFAOYSA-N,JRTIDHTUMYMPRU,Y,,,,,Y,9,0,0,0,,0,0,0,0,,0,0,,0
Alprazolam,VREFGVBLTWBCJP-UHFFFAOYSA-N,VREFGVBLTWBCJP,,,,Y,,Y,7,1,0,0,0,,,0,,,1,,0,0
Altretamine,UUVWYPNAQBNQJQ-UHFFFAOYSA-N,UUVWYPNAQBNQJQ,,,,Y,,Y,12,0,0,0,0,0,0,0,0,0,0,0,0,0
Amantadine,DKNWSYNQZKUICI-UHFFFAOYSA-N,DKNWSYNQZKUICI,,,,Y,,Y,12,0,0,0,0,0,0,0,0,0,0,0,0,0
Amikacin,LKCWBDHBTVXHDL-RMDFUYIESA-N,LKCWBDHBTVXHDL,,,,Y,,Y,12,1,0,0,0,0,1,0,0,0,0,0,0,0
Amiloride,XSDQTOBWRPYKKA-UHFFFAOYSA-N,XSDQTOBWRPYKKA,,,,Y,,Y,12,3,0,0,1,0,0,0,0,1,0,0,0,1
Aminocaproic Acid,SLXKOJJOQWFEFD-UHFFFAOYSA-N,SLXKOJJOQWFEFD,,,,Y,,Y,2,0,,,,,,,,0,,0,,
Aminoglutethimide,ROBVIMPUHSLWNV-UHFFFAOYSA-N,ROBVIMPUHSLWNV,,,,Y,,Y,12,1,0,0,0,1,0,0,0,0,0,0,0,0
Aminosalicylic Acid,WUBBRNOQWQTFEX-UHFFFAOYSA-N,WUBBRNOQWQTFEX,,,,Y,,Y,12,0,0,0,0,0,0,0,0,0,0,0,0,0
amiodarone,IYIKLHRQXLHMJQ-UHFFFAOYSA-N,IYIKLHRQXLHMJQ,Y,Y,,Y,Y,Y,9,0,0,0,0,0,0,0,,0,0,,,0
Amitraz,QXAITBQSYVNQDR-UHFFFAOYSA-N,QXAITBQSYVNQDR,,,,Y,,Y,11,2,0,0,1,,0,0,0,0,0,0,1,0
amitriptyline,KRMDCWKBEZIMAB-UHFFFAOYSA-N,KRMDCWKBEZIMAB,Y,Y,,Y,Y,Y,10,0,0,0,0,0,0,0,,0,0,0,,0
Amlodipine,HTIQEAQVCYTUBX-UHFFFAOYSA-N,HTIQEAQVCYTUBX,,,,Y,,Y,8,4,0,1,0,1,0,,1,,0,,,1
Amoxapine,QWGDMFLQWFTERH-UHFFFAOYSA-N,QWGDMFLQWFTERH,,,,Y,,Y,8,1,0,0,0,1,0,,0,0,0,,,
Amoxicillin,LSQZJLSUYDQPKJ-NJBDSQKTSA-N,LSQZJLSUYDQPKJ,,,,Y,,Y,10,0,0,0,0,0,0,0,0,,0,,0,0
amphotericin B,APKFDSVGJQXUKY-INPOYWNPSA-N,APKFDSVGJQXUKY,Y,Y,Y,,,Y,8,1,0,,0,0,,0,,1,0,,0,0
Ampicillin,AVKUERGKIZMTKX-NJBDSQKTSA-N,AVKUERGKIZMTKX,,,,Y,,Y,12,0,0,0,0,0,0,0,0,0,0,0,0,0
Ampiroxicam,LSNWBKACGXCGAJ-UHFFFAOYSA-N,LSNWBKACGXCGAJ,,,,Y,,Y,2,0,,,,,,,,0,,0,,
Amprenavir,YMARZQAQMVYCKC-OEMFJLHTSA-N,YMARZQAQMVYCKC,,,,Y,,Y,9,0,0,0,0,0,,0,0,,0,,0,0
Anastrozole,YBBLVLTVTVSKRW-UHFFFAOYSA-N,YBBLVLTVTVSKRW,,,,Y,,Y,12,1,0,0,0,1,0,0,0,0,0,0,0,0
Anisindione,XRCFXMGQEVUZFC-UHFFFAOYSA-N,XRCFXMGQEVUZFC,,,,Y,,Y,2,0,,,,,,,,0,,0,,
Antipyrine,VEQOALNAAJBPNY-UHFFFAOYSA-N,VEQOALNAAJBPNY,,,,Y,,Y,12,0,0,0,0,0,0,0,0,0,0,0,0,0
Artemether,SXYIRMFQILZOAM-HVNFFKDJSA-N,SXYIRMFQILZOAM,,,,Y,,Y,10,0,0,0,0,0,0,0,0,,0,,0,0
Artemisinin,BLUAFEHZUWYNDE-NNWCWBAJSA-N,BLUAFEHZUWYNDE,,,,Y,,Y,1,0,,,,,,,,,,0,,
Ascorbic Acid,CIWBSHSKHKDKBQ-JLAZNSOCSA-N,CIWBSHSKHKDKBQ,,,,Y,,Y,11,0,0,0,0,0,,0,0,0,0,0,0,0
aspirin,BSYNRYMUTXBXSQ-UHFFFAOYSA-N,BSYNRYMUTXBXSQ,Y,Y,,Y,Y,Y,12,0,0,0,0,0,0,0,0,0,0,0,0,0
Atenolol,METKIMKYRPQLGS-UHFFFAOYSA-N,METKIMKYRPQLGS,,,,Y,,Y,12,0,0,0,0,0,0,0,0,0,0,0,0,0
Atorvastatin,XUKUURHRXDUEBC-KAYWLYCHSA-N,XUKUURHRXDUEBC,,,,Y,,Y,10,2,0,0,0,1,1,0,0,,0,0,,0
Atropine,RKUNBYITZUJHSG-PJPHBNEVSA-N,RKUNBYITZUJHSG,,,,Y,,Y,12,0,0,0,0,0,0,0,0,0,0,0,0,0
Auranofin,SFOZKJGZNOBSHF-RGDJUOJXSA-N,SFOZKJGZNOBSHF,,,,Y,,Y,3,2,0,,,,,1,,,1,,,
Azaribine,QQOBRRFOVWGIMD-OJAKKHQRSA-N,QQOBRRFOVWGIMD,,,,Y,,Y,2,0,,,,,,,,0,,0,,
Azasetron,WUKZPHOXUVCQOR-UHFFFAOYSA-N,WUKZPHOXUVCQOR,,,,Y,,Y,11,0,0,0,0,,0,0,0,0,0,0,0,0
azathioprine,LMEKQMALGUDUQG-UHFFFAOYSA-N,LMEKQMALGUDUQG,Y,Y,,Y,Y,Y,10,3,0,0,1,,0,0,0,1,0,0,,1
Azithromycin,MQTOSJVFKKJCRP-BICOPXKESA-N,MQTOSJVFKKJCRP,,,,Y,,Y,11,0,0,0,0,0,0,0,0,,0,0,0,0
Azlocillin,JTWOMNBEOCYFNV-NFFDBFGFSA-N,JTWOMNBEOCYFNV,,,,Y,,Y,10,0,0,0,0,0,0,0,0,,0,,0,0
Aztreonam,WZPBZJONDBGPKJ-VEHQQRBSSA-N,WZPBZJONDBGPKJ,,,,Y,,Y,12,0,0,0,0,0,0,0,0,0,0,0,0,0
Bacitracin,CLKOFPXJLQSYAH-ABRJDSQDSA-N,CLKOFPXJLQSYAH,,,,Y,,Y,10,1,0,0,0,0,1,0,0,,0,,0,0
Baclofen,KPYSYYIEGFHWSV-UHFFFAOYSA-N,KPYSYYIEGFHWSV,,,,Y,,Y,12,0,0,0,0,0,0,0,0,0,0,0,0,0
Balsalazide,IPOKCKJONYRRHP-UHFFFAOYSA-N,IPOKCKJONYRRHP,,,,Y,,Y,11,0,0,0,0,0,0,0,0,0,0,0,,0
Benazepril,XPCFTKFZXHTYIP-PMACEKPBSA-N,XPCFTKFZXHTYIP,,,,Y,,Y,1,1,,,,,,,,,,1,,
bendazac,BYFMCKSPFYVMOU-UHFFFAOYSA-N,BYFMCKSPFYVMOU,Y,Y,,,,Y,11,0,0,,0,0,0,0,0,0,0,0,0,0
benzbromarone,WHQCHUCQKNIQEC-UHFFFAOYSA-N,WHQCHUCQKNIQEC,Y,Y,,,,Y,10,3,0,0,0,0,0,0,1,,0,,1,1
Benzethonium Chloride,SIYLLGKDQZGJHK-UHFFFAOYSA-N,SIYLLGKDQZGJHK,,,,Y,,Y,6,2,0,,0,,,0,0,1,,,1,
benziodarone,CZCHIEJNWPNBDE-UHFFFAOYSA-N,CZCHIEJNWPNBDE,Y,Y,,,,Y,8,4,0,0,0,,,0,1,,,1,1,1
Benzocaine,BLFLLBZGZJTVJG-UHFFFAOYSA-N,BLFLLBZGZJTVJG,,,,Y,,Y,9,0,0,0,,,,0,0,0,0,0,0,0
Benzoic Acid,WPYMKLBDIGXBTP-UHFFFAOYSA-N,WPYMKLBDIGXBTP,,,,Y,,Y,12,0,0,0,0,0,0,0,0,0,0,0,0,0
Benzothiazyl Disulfide,AFZSMODLJJCVPP-UHFFFAOYSA-N,AFZSMODLJJCVPP,,,,Y,,Y,12,2,0,0,0,0,0,0,0,1,0,1,0,0
Benzyl Acetate,QUKGYYKBILRGFE-UHFFFAOYSA-N,QUKGYYKBILRGFE,,,,Y,,Y,12,0,0,0,0,0,0,0,0,0,0,0,0,0
Beta-Estradiol,VOXZDWNPVJITMN-ZBRFXRBCSA-N,VOXZDWNPVJITMN,,,,Y,,Y,12,7,1,1,0,1,1,1,0,0,0,0,1,1
Beta-Estradiol 3-Benzoate,UYIFTLBWAOGQBI-BZDYCCQFSA-N,UYIFTLBWAOGQBI,,,,Y,,Y,9,4,1,1,0,0,1,1,0,,0,,,0
Beta-Naphthoflavone,OUGIDAPQYNCXRA-UHFFFAOYSA-N,OUGIDAPQYNCXRA,,,,Y,,Y,10,5,,0,1,1,1,0,0,1,1,0,,0
Betahistine,UUQMNUMQCIQDMZ-UHFFFAOYSA-N,UUQMNUMQCIQDMZ,,,,Y,,Y,1,0,,,,,,,,,,0,,
Bezafibrate,IIBYAHWJQTYFKB-UHFFFAOYSA-N,IIBYAHWJQTYFKB,,,,Y,,Y,12,1,0,0,0,0,0,0,1,0,0,0,0,0
Bis(2-Ethylhexyl)Phthalate,BJQHLKABXJIVAM-UHFFFAOYSA-N,BJQHLKABXJIVAM,,,,Y,,Y,11,0,0,0,0,0,0,0,0,0,0,0,,0
Bisacodyl,KHOITXIGCFIULA-UHFFFAOYSA-N,KHOITXIGCFIULA,,,,Y,,Y,9,2,0,0,0,,,,0,0,0,0,1,1
Bisphenol A,IISBACLAFKSPIT-UHFFFAOYSA-N,IISBACLAFKSPIT,,,,Y,,Y,10,4,0,0,,0,1,1,,1,0,0,1,0
Bithionol,JFIOVJDNOJYLKP-UHFFFAOYSA-N,JFIOVJDNOJYLKP,,,,Y,,Y,9,3,0,0,0,,,0,,0,0,1,1,1
bortezomib,GXJABQQUPOEUTA-RDJZCZTQSA-N,GXJABQQUPOEUTA,Y,Y,,,,Y,9,5,0,0,0,1,,,,1,1,1,0,1
Bromfenac,ZBPLOVFIXSTCRZ-UHFFFAOYSA-N,ZBPLOVFIXSTCRZ,,,,Y,,Y,11,1,0,0,0,0,0,0,1,0,0,0,,0
Bromhexine,OJGDCBLYJGHCIH-UHFFFAOYSA-N,OJGDCBLYJGHCIH,,,,Y,,Y,8,0,0,0,,0,,0,0,0,0,0,,
Bromisovalum,CMCCHHWTTBEZNM-UHFFFAOYSA-N,CMCCHHWTTBEZNM,,,,Y,,Y,12,1,0,0,0,0,0,0,0,1,0,0,0,0
bromobenzene,QARVLSVVCXYDNA-UHFFFAOYSA-N,QARVLSVVCXYDNA,Y,Y,Y,Y,Y,Y,12,0,0,0,0,0,0,0,0,0,0,0,0,0
Bromodichloromethane,FMWLUWPQPKEARP-UHFFFAOYSA-N,FMWLUWPQPKEARP,,,,Y,,Y,9,0,,,0,0,,0,0,0,0,0,0,0
bucetin,LIAWQASKBFCRNR-UHFFFAOYSA-N,LIAWQASKBFCRNR,Y,Y,Y,,,Y,12,0,0,0,0,0,0,0,0,0,0,0,0,0
Buflomedil,OWYLAEYXIQKAOL-UHFFFAOYSA-N,OWYLAEYXIQKAOL,,,,Y,,Y,12,0,0,0,0,0,0,0,0,0,0,0,0,0
Bupropion,SNPPWIUOZRMYNY-UHFFFAOYSA-N,SNPPWIUOZRMYNY,,,,Y,,Y,12,0,0,0,0,0,0,0,0,0,0,0,0,0
buspirone,QWCRAEMEVRGPNT-UHFFFAOYSA-N,QWCRAEMEVRGPNT,Y,,,Y,Y,Y,12,1,0,0,0,0,0,0,0,1,0,0,0,0
Busulfan,COVZYZSDYWQREU-UHFFFAOYSA-N,COVZYZSDYWQREU,,,,Y,,Y,12,1,0,0,0,0,1,0,0,0,0,0,0,0
Butenafine,ABJKWBDEJIDSJZ-UHFFFAOYSA-N,ABJKWBDEJIDSJZ,,,,Y,,Y,12,0,0,0,0,0,0,0,0,0,0,0,0,0
Cadmium Acetate,QTBSBXVTEAMEQO-UHFFFAOYSA-N,QTBSBXVTEAMEQO,,,,Y,,Y,12,0,0,0,0,0,0,0,0,0,0,0,0,0
Cadmium Chloride,WLZRMCYVCSSEQC-UHFFFAOYSA-N,WLZRMCYVCSSEQC,,,,Y,,Y,11,3,0,0,1,,0,0,0,0,1,1,0,0
caffeine,RYYVLZVUVIJVGH-UHFFFAOYSA-N,RYYVLZVUVIJVGH,Y,Y,Y,Y,Y,Y,12,0,0,0,0,0,0,0,0,0,0,0,0,0
Calcitriol,GMRQFYUYWCNGIN-NKMMMXOESA-N,GMRQFYUYWCNGIN,,,,Y,,Y,5,1,0,0,,0,,0,,,,,1,
Candesartan,HTQMVQVXFRQIKW-UHFFFAOYSA-N,HTQMVQVXFRQIKW,,,,Y,,Y,2,0,,,,,,,,0,,0,,
Capsaicin,YKPUWZUDDOIDPM-SOFGYWHQSA-N,YKPUWZUDDOIDPM,,,,Y,,Y,12,2,0,0,0,1,0,0,0,1,0,0,0,0
captopril,FAKRSMQSSFJEIM-RQJHMYQMSA-N,FAKRSMQSSFJEIM,Y,Y,Y,Y,Y,Y,2,0,,,,,,,,0,,0,,
Carbachol,VPJXQGSRWJZDOB-UHFFFAOYSA-O,VPJXQGSRWJZDOB,,,,Y,,Y,11,0,0,0,0,0,0,0,,0,0,0,0,0
carbamazepine,FFGPTBGBLSHEPO-UHFFFAOYSA-N,FFGPTBGBLSHEPO,Y,Y,,Y,Y,Y,12,2,1,1,0,0,0,0,0,0,0,0,0,0
Carbimazole,CFOYWRHIYXMDOT-UHFFFAOYSA-N,CFOYWRHIYXMDOT,,,,Y,,Y,12,0,0,0,0,0,0,0,0,0,0,0,0,0
carbon tetrachloride,VZGDMQKNWNREIO-UHFFFAOYSA-N,VZGDMQKNWNREIO,Y,Y,,Y,Y,Y,12,0,0,0,0,0,0,0,0,0,0,0,0,0
carboplatin,CCQPAEQGAVNNIA-UHFFFAOYSA-N,CCQPAEQGAVNNIA,Y,Y,Y,Y,Y,Y,11,1,0,0,0,0,0,0,0,1,0,0,,0
Carmofur,AOCCBINRVIKJHY-UHFFFAOYSA-N,AOCCBINRVIKJHY,,,,Y,,Y,1,0,,,,,,,,,,0,,
Carmustine,DLGOEMSEDOSKAD-UHFFFAOYSA-N,DLGOEMSEDOSKAD,,,,Y,,Y,11,1,0,0,0,0,0,0,0,1,0,0,0,
Carvedilol,OGHNVEJMJSYVRP-UHFFFAOYSA-N,OGHNVEJMJSYVRP,,,,Y,,Y,11,2,0,0,1,0,,0,0,0,0,0,1,0
Catechol,YCIMNLLNPGFGHC-UHFFFAOYSA-N,YCIMNLLNPGFGHC,,,,Y,,Y,11,3,0,0,1,,0,1,0,1,0,0,0,0
Cefotaxime,GPRBEKHLDVQUJE-QSWIMTSFSA-N,GPRBEKHLDVQUJE,,,,Y,,Y,10,0,0,0,0,0,0,0,0,,0,,0,0
Celecoxib,RZEKVGVHFLEQIL-UHFFFAOYSA-N,RZEKVGVHFLEQIL,,,,Y,,Y,10,3,0,0,0,,1,1,0,1,0,0,,0
Cephalexin,ZAIPMKNFIOOWCQ-UEKVPHQBSA-N,ZAIPMKNFIOOWCQ,,,,Y,,Y,1,0,,,,,,,,,,0,,
cephalothin,XIURVHNZVLADCM-IUODEOHRSA-N,XIURVHNZVLADCM,Y,Y,Y,,,Y,1,1,,,,,,,,,,1,,
Cerivastatin,SEERZIQQUAZTOL-ANMDKAQQSA-N,SEERZIQQUAZTOL,,,,Y,,Y,7,3,1,,0,1,1,,,,0,0,,0
Cetraxate,FHRSHSOEWXUORL-UHFFFAOYSA-N,FHRSHSOEWXUORL,,,,Y,,Y,11,1,0,0,0,1,,0,0,0,0,0,0,0
Cetylpyridinium Bromide,NEUSVAOJNUQRTM-UHFFFAOYSA-N,NEUSVAOJNUQRTM,,,,Y,,Y,6,2,0,0,0,1,,0,,1,,,,
Chlorambucil,JCKYGMPEJWAADB-UHFFFAOYSA-N,JCKYGMPEJWAADB,,,,Y,,Y,12,3,0,0,0,0,0,0,0,1,1,0,0,1
chloramphenicol,WIIZWVCIJKGZOK-RKDXNWHRSA-N,WIIZWVCIJKGZOK,Y,Y,,Y,Y,Y,12,0,0,0,0,0,0,0,0,0,0,0,0,0
chlormadinone,VUHJZBBCZGVNDZ-TTYLFXKOSA-N,VUHJZBBCZGVNDZ,Y,Y,,,,Y,8,3,1,1,0,,1,0,0,,0,,,0
Chlormadinone Acetate,QMBJSIBWORFWQT-DFXBJWIESA-N,QMBJSIBWORFWQT,,,,Y,,Y,9,4,1,1,0,,,0,0,1,0,0,,1
chlormezanone,WEQAYVWKMWHEJO-UHFFFAOYSA-N,WEQAYVWKMWHEJO,Y,Y,,,,Y,12,0,0,0,0,0,0,0,0,0,0,0,0,0
Chlorobenzene,MVPPADPHJFYWMZ-UHFFFAOYSA-N,MVPPADPHJFYWMZ,,,,Y,,Y,12,0,0,0,0,0,0,0,0,0,0,0,0,0
Chloroform,HEDRZPFGACZZDS-UHFFFAOYSA-N,HEDRZPFGACZZDS,,,,Y,,Y,11,0,0,0,0,0,,0,0,0,0,0,0,0
Chloroxylenol,OSDLLIBGSJNGJE-UHFFFAOYSA-N,OSDLLIBGSJNGJE,,,,Y,,Y,12,1,0,0,0,0,0,0,0,0,0,0,1,0
chlorpheniramine,SOYKEARSMXGVTM-UHFFFAOYSA-N,SOYKEARSMXGVTM,Y,Y,,Y,Y,Y,9,0,,0,0,,0,0,,0,0,0,0,0
chlorpromazine,ZPEIMTDSQAKGNT-UHFFFAOYSA-N,ZPEIMTDSQAKGNT,Y,Y,,Y,Y,Y,8,1,0,0,0,0,,0,,,0,0,,1
chlorpropamide,RKWGIWYCVPQPMF-UHFFFAOYSA-N,RKWGIWYCVPQPMF,Y,Y,,Y,Y,Y,12,0,0,0,0,0,0,0,0,0,0,0,0,0
Chlorpyrifos,SBPBAQFWLVIOKP-UHFFFAOYSA-N,SBPBAQFWLVIOKP,,,,Y,,Y,12,3,0,0,1,0,0,0,0,1,0,0,1,0
Chlorzoxazone,TZFWDZFKRBELIQ-UHFFFAOYSA-N,TZFWDZFKRBELIQ,,,,Y,,Y,11,0,0,0,0,0,0,0,0,0,0,0,,0
Cholecalciferol,QYSXJUFSXHHAJI-YRZJJWOYSA-N,QYSXJUFSXHHAJI,,,,Y,,Y,9,2,0,0,0,,0,0,,1,0,1,0,
Cholic Acid,BHQCQFFYRZLCQQ-OELDTZBJSA-N,BHQCQFFYRZLCQQ,,,,Y,,Y,12,0,0,0,0,0,0,0,0,0,0,0,0,0
Choline Chloride,OEYIOHPDSNJKLS-UHFFFAOYSA-N,OEYIOHPDSNJKLS,,,,Y,,Y,12,0,0,0,0,0,0,0,0,0,0,0,0,0
Cilostazol,RRGUKTPIGVIEKM-UHFFFAOYSA-N,RRGUKTPIGVIEKM,,,,Y,,Y,12,1,0,0,0,0,0,0,0,1,0,0,0,0
cimetidine,AQIXAKUUQRKLND-UHFFFAOYSA-N,AQIXAKUUQRKLND,Y,Y,,Y,Y,Y,12,0,0,0,0,0,0,0,0,0,0,0,0,0
Cinnarizine,DERZBLKQOCDDDZ-JLHYYAGUSA-N,DERZBLKQOCDDDZ,,,,Y,,Y,12,1,0,0,0,0,0,0,0,1,0,0,0,0
ciprofloxacin,MYSWGUAQZAJSOK-UHFFFAOYSA-N,MYSWGUAQZAJSOK,Y,Y,Y,Y,Y,Y,11,0,0,0,0,0,0,0,0,,0,0,0,0
Cisapride,DCSUBABJRXZOMT-IRLDBZIGSA-N,DCSUBABJRXZOMT,,,,Y,,Y,9,0,0,0,,0,,0,0,0,0,0,,0
cisplatin,QGZKDVFQNNGYKY-UHFFFAOYSA-N,QGZKDVFQNNGYKY,Y,Y,Y,Y,Y,Y,12,1,0,0,0,0,0,0,0,1,0,0,0,0
Citalopram,WSEQXVZVJXJVFP-UHFFFAOYSA-N,WSEQXVZVJXJVFP,,,,Y,,Y,10,0,0,0,0,0,0,0,0,,0,0,,0
Citric Acid,KRKNYBCHXYNGOX-UHFFFAOYSA-N,KRKNYBCHXYNGOX,,,,Y,,Y,12,0,0,0,0,0,0,0,0,0,0,0,0,0
Clarithromycin,AGOYDEPGAOXOCK-KCBOHYOISA-N,AGOYDEPGAOXOCK,,,,Y,,Y,12,0,0,0,0,0,0,0,0,0,0,0,0,0
Clemastine,YNNUSGIPVFPVBX-NHCUHLMSSA-N,YNNUSGIPVFPVBX,,,,Y,,Y,10,0,0,0,0,0,0,0,0,,0,0,,0
Clindamycin,KDLRVYVGXIQJDK-AWPVFWJPSA-N,KDLRVYVGXIQJDK,,,,Y,,Y,10,0,0,0,0,0,0,0,0,,0,,0,0
Clobetasol Propionate,CBGUOGMQLZIXBE-XGQKBEPLSA-N,CBGUOGMQLZIXBE,,,,Y,,Y,10,4,1,1,1,,0,0,0,,0,0,1,0
clofibrate,KNHUKKLJHYUCFP-UHFFFAOYSA-N,KNHUKKLJHYUCFP,Y,Y,Y,Y,Y,Y,12,1,0,0,0,0,1,0,0,0,0,0,0,0
Clofibric Acid,TXCGAZHTZHNUAI-UHFFFAOYSA-N,TXCGAZHTZHNUAI,,,,Y,,Y,12,0,0,0,0,0,0,0,0,0,0,0,0,0
Clomiphene,GKIRPKYJQBWNGO-UHFFFAOYSA-N,GKIRPKYJQBWNGO,,,,Y,,Y,7,1,0,0,0,1,,0,0,,0,,,
clomipramine,GDLIGKIOYRNHDA-UHFFFAOYSA-N,GDLIGKIOYRNHDA,Y,Y,,Y,Y,Y,9,0,0,0,0,,0,0,,0,0,0,,0
Clonidine,GJSURZIOUXUGAL-UHFFFAOYSA-N,GJSURZIOUXUGAL,,,,Y,,Y,12,0,0,0,0,0,0,0,0,0,0,0,0,0
Clopidogrel,GKTWGGQPFAXNFI-HNNXBMFYSA-N,GKTWGGQPFAXNFI,,,,Y,,Y,12,2,0,0,0,0,1,1,0,0,0,0,0,0
Closantel,JMPFSEBWVLAJKM-UHFFFAOYSA-N,JMPFSEBWVLAJKM,,,,Y,,Y,7,2,0,0,0,,,0,0,,,,1,1
Clotrimazole,VNFPBHJOKIVQEB-UHFFFAOYSA-N,VNFPBHJOKIVQEB,,,,Y,,Y,6,4,0,,1,1,,,,1,0,1,,
Cloxacillin,LQOLIRLGBULYKD-JKIFEVAISA-N,LQOLIRLGBULYKD,,,,Y,,Y,12,0,0,0,0,0,0,0,0,0,0,0,0,0
clozapine,QZUDBNBUXVUHMW-UHFFFAOYSA-N,QZUDBNBUXVUHMW,Y,,,Y,Y,Y,8,0,0,0,0,0,,0,,,0,0,,0
Cobalt (Ii) Chloride,XLJKHNWPARRRJB-UHFFFAOYSA-N,XLJKHNWPARRRJB,,,,Y,,Y,12,1,0,0,0,0,0,0,0,1,0,0,0,0
Cobalt(Ii) Acetylacetonate,YRKCREAYFQTBPV-UHFFFAOYSA-N,YRKCREAYFQTBPV,,,,Y,,Y,12,0,0,0,0,0,0,0,0,0,0,0,0,0
colchicine,IAKHMKGGTNLKSZ-INIZCTEOSA-N,IAKHMKGGTNLKSZ,Y,Y,,Y,Y,Y,10,3,0,,0,0,0,0,,1,1,0,1,0
Cortisone,MFYSYFVPBJMHGN-ZPOLXVRWSA-N,MFYSYFVPBJMHGN,,,,Y,,Y,12,2,1,1,0,0,0,0,0,0,0,0,0,0
coumarin,ZYGHJZDHTFUPRJ-UHFFFAOYSA-N,ZYGHJZDHTFUPRJ,Y,Y,,Y,Y,Y,12,1,0,0,0,0,1,0,0,0,0,0,0,0
Cromolyn,IMZMKUWMOSJXDT-UHFFFAOYSA-N,IMZMKUWMOSJXDT,,,,Y,,Y,11,0,0,0,0,0,0,0,0,0,0,0,,0
Crotamiton,DNTGGZPQPQTDQF-UHFFFAOYSA-N,DNTGGZPQPQTDQF,,,,Y,,Y,12,0,0,0,0,0,0,0,0,0,0,0,0,0
cycloheximide,YPHMISFOHDHNIV-FSZOTQKASA-N,YPHMISFOHDHNIV,Y,Y,,Y,Y,Y,7,2,0,0,0,1,,0,,,,0,,1
cyclophosphamide,CMSMOCZEIVJLDB-UHFFFAOYSA-N,CMSMOCZEIVJLDB,Y,Y,Y,Y,Y,Y,12,1,0,0,0,0,1,0,0,0,0,0,0,0
cyclosporine A,PMATZTZNYRCHOR-CGLBZJNRSA-N,PMATZTZNYRCHOR,Y,Y,Y,Y,Y,Y,9,1,0,,0,0,0,0,,1,0,0,,0
Cyproheptadine,JJCFRYNCJDLXIK-UHFFFAOYSA-N,JJCFRYNCJDLXIK,,,,Y,,Y,11,0,0,0,0,0,0,0,0,0,0,0,,0
Cyproterone Acetate,UWFYSQMTEOIJJG-FDTZYFLXSA-N,UWFYSQMTEOIJJG,,,,Y,,Y,11,3,1,1,0,0,0,0,0,1,0,0,,0
Cytarabine,UHDGCWIWMRVCDJ-CCXZUQQUSA-N,UHDGCWIWMRVCDJ,,,,Y,,Y,12,2,0,0,0,0,1,0,0,0,0,0,0,1
D-Limonene,XMGQYMWWDOXHJM-JTQLQIEISA-N,XMGQYMWWDOXHJM,,,,Y,,Y,11,0,0,0,0,0,,0,0,0,0,0,0,0
D-Tubocurarine Chloride,JFJZZMVDLULRGK-URLMMPGGSA-O,JFJZZMVDLULRGK,,,,Y,,Y,12,0,0,0,0,0,0,0,0,0,0,0,0,0
Dactinomycin,RJURFGZVJUQBHK-IIXSONLDSA-N,RJURFGZVJUQBHK,,,,Y,,Y,7,2,0,,0,1,,0,,,0,0,,1
danazol,POZRVZJJTULAOH-LHZXLZLDSA-N,POZRVZJJTULAOH,Y,Y,,Y,Y,Y,11,6,1,1,0,1,1,1,0,,0,1,0,0
dantrolene,OZOMQRBLCMDCEG-VIZOYTHASA-N,OZOMQRBLCMDCEG,Y,Y,,,,Y,12,2,0,0,1,0,0,0,0,0,0,0,1,0
Daunorubicin,STQGQHZAVUOBTE-VGBVRHCVSA-N,STQGQHZAVUOBTE,,,,Y,,Y,9,7,0,1,,1,1,1,,,1,0,1,1
Deferiprone,TZXKOCQBRNJULO-UHFFFAOYSA-N,TZXKOCQBRNJULO,,,,Y,,Y,9,0,0,0,,0,0,0,0,,0,,0,0
desmopressin acetate,NFLWUMRGJYTJIN-PNIOQBSNSA-N,NFLWUMRGJYTJIN,Y,Y,Y,,,Y,12,0,0,0,0,0,0,0,0,0,0,0,0,0
dexamethasone,UREBDLICKHMUKA-CXSFZGCWSA-N,UREBDLICKHMUKA,Y,Y,,Y,Y,Y,10,2,1,1,,,0,0,0,0,0,0,0,0
Dexfenfluramine,DBGIVFWFUFKIQN-VIFPVBQESA-N,DBGIVFWFUFKIQN,,,,Y,,Y,9,0,0,0,0,0,0,0,0,,0,,,0
diazepam,AAOVKJBEBIDNHE-UHFFFAOYSA-N,AAOVKJBEBIDNHE,Y,Y,,Y,Y,Y,10,1,0,0,0,,,0,0,0,1,0,0,0
Dibromochloromethane,GATVIKZLVQHOMN-UHFFFAOYSA-N,GATVIKZLVQHOMN,,,,Y,,Y,12,0,0,0,0,0,0,0,0,0,0,0,0,0
Dichlorvos,OEBRKCOSUFCWJD-UHFFFAOYSA-N,OEBRKCOSUFCWJD,,,,Y,,Y,12,1,0,0,0,0,0,0,0,1,0,0,0,0
diclofenac,DCOPUUMXTXDBNB-UHFFFAOYSA-N,DCOPUUMXTXDBNB,Y,Y,,Y,Y,Y,11,2,0,0,0,0,1,0,0,,0,0,0,1
Dicumarol,DOBMPNYZJYQDGZ-UHFFFAOYSA-N,DOBMPNYZJYQDGZ,,,,Y,,Y,1,1,,,,,,,,1,,,,
Dicyclomine,CURUTKGFNZGFSE-UHFFFAOYSA-N,CURUTKGFNZGFSE,,,,Y,,Y,10,0,0,0,0,,0,0,0,0,0,0,,0
Dideoxycytidine,WREGKURFCTUGRC-POYBYMJQSA-N,WREGKURFCTUGRC,,,,Y,,Y,12,0,0,0,0,0,0,0,0,0,0,0,0,0
Diethanolamine,ZBCBWPMODOFKDW-UHFFFAOYSA-N,ZBCBWPMODOFKDW,,,,Y,,Y,12,0,0,0,0,0,0,0,0,0,0,0,0,0
diethyl maleate,IEPRKVQEAMIZSS-WAYWQWQTSA-N,IEPRKVQEAMIZSS,Y,Y,,,,Y,12,1,0,0,0,0,0,0,0,1,0,0,0,0
Diethylstilbestrol,RGLYKWWBQGJZGM-ISLYRVAYSA-N,RGLYKWWBQGJZGM,,,,Y,,Y,10,4,0,0,0,0,1,1,0,,0,,1,1
Diflunisal,HUPFGZXOMWLGNK-UHFFFAOYSA-N,HUPFGZXOMWLGNK,,,,Y,,Y,8,0,0,,0,0,0,0,,,0,0,,0
Digitonin,UVYVLBIGDKGWPX-KUAJCENISA-N,UVYVLBIGDKGWPX,,,,Y,,Y,3,2,0,,,,,1,,,1,,,
Digitoxin,WDJUZGPOPHTGOT-XUDUSOBPSA-N,WDJUZGPOPHTGOT,,,,Y,,Y,6,3,,1,0,,,0,,,,0,1,1
Digoxin,LTMHDMANZUZIPE-PUGKRICDSA-N,LTMHDMANZUZIPE,,,,Y,,Y,8,6,,1,0,1,1,1,,,,0,1,1
diltiazem,HSUGRBWQSSZJOP-RTWAWAEBSA-N,HSUGRBWQSSZJOP,Y,Y,,,,Y,10,0,0,0,0,0,0,,0,0,0,0,0,
Dimenhydrinate,ZZVUWRFHKOJYTH-UHFFFAOYSA-N,ZZVUWRFHKOJYTH,,,,Y,,Y,12,1,0,0,0,0,0,1,0,0,0,0,0,0
Dimethyl Methylphosphonate,VONWDASPFIQPDY-UHFFFAOYSA-N,VONWDASPFIQPDY,,,,Y,,Y,12,0,0,0,0,0,0,0,0,0,0,0,0,0
Diphenidol,OGAKLTJNUQRZJU-UHFFFAOYSA-N,OGAKLTJNUQRZJU,,,,Y,,Y,11,0,0,0,0,0,0,0,0,0,0,0,,0
Dipyridamole,IZEKFCXSFNUWAM-UHFFFAOYSA-N,IZEKFCXSFNUWAM,,,,Y,,Y,4,1,0,,0,,,,0,,,,,1
Dipyrone,LVWZTYCIRDMTEY-UHFFFAOYSA-N,LVWZTYCIRDMTEY,,,,Y,,Y,12,1,0,0,0,0,1,0,0,0,0,0,0,0
disopyramide,UVTNFZQICZKOEM-UHFFFAOYSA-N,UVTNFZQICZKOEM,Y,Y,,,,Y,12,0,0,0,0,0,0,0,0,0,0,0,0,0
disulfiram,AUZONCFQVSMFAP-UHFFFAOYSA-N,AUZONCFQVSMFAP,Y,Y,,Y,Y,Y,9,6,0,1,1,,,0,1,,1,1,1,0
Dobutamine,JRWZLRBJNMZMFE-UHFFFAOYSA-N,JRWZLRBJNMZMFE,,,,Y,,Y,9,0,0,0,,,0,0,0,0,0,0,,0
Doxapram,XFDJYSQDBULQSI-UHFFFAOYSA-N,XFDJYSQDBULQSI,,,,Y,,Y,11,0,0,0,0,0,0,0,0,,0,0,0,0
Doxazosin,RUZYUOTYCVRMRZ-UHFFFAOYSA-N,RUZYUOTYCVRMRZ,,,,Y,,Y,11,0,0,0,0,0,0,0,0,,0,0,0,0
Doxifluridine,ZWAOHEXOSAUJHY-ZIYNGMLESA-N,ZWAOHEXOSAUJHY,,,,Y,,Y,11,3,0,0,0,0,1,1,0,,0,0,0,1
Doxofylline,HWXIGFIVGWUZAO-UHFFFAOYSA-N,HWXIGFIVGWUZAO,,,,Y,,Y,12,0,0,0,0,0,0,0,0,0,0,0,0,0
doxorubicin,AOJJSUZBOXZQNB-TZSSRYMLSA-N,AOJJSUZBOXZQNB,Y,Y,Y,Y,Y,Y,12,7,0,1,0,1,0,1,0,1,1,0,1,1
Droperidol,RMEDXOLNCUSCGS-UHFFFAOYSA-N,RMEDXOLNCUSCGS,,,,Y,,Y,12,0,0,0,0,0,0,0,0,0,0,0,0,0
Dyphylline,KSCFJBIXMNOVSH-UHFFFAOYSA-N,KSCFJBIXMNOVSH,,,,Y,,Y,12,0,0,0,0,0,0,0,0,0,0,0,0,0
Ebastine,MJJALKDDGIKVBE-UHFFFAOYSA-N,MJJALKDDGIKVBE,,,,Y,,Y,6,0,0,0,,0,,0,0,,0,,,
Econazole,LEZWWPYKPKIXLL-UHFFFAOYSA-N,LEZWWPYKPKIXLL,,,,Y,,Y,8,3,0,,1,1,0,,0,0,0,1,,
Emetine,AUVVAXYIELKVAI-CKBKHPSWSA-N,AUVVAXYIELKVAI,,,,Y,,Y,7,1,0,0,0,1,,0,,,,0,,0
enalapril,GBXSMTUPTTWBMN-XIRDDKMYSA-N,GBXSMTUPTTWBMN,Y,Y,Y,Y,Y,Y,12,0,0,0,0,0,0,0,0,0,0,0,0,0
Enoxacin,IDYZIJYBMGIQMJ-UHFFFAOYSA-N,IDYZIJYBMGIQMJ,,,,Y,,Y,12,0,0,0,0,0,0,0,0,0,0,0,0,0
Enrofloxacin,SPFYMRJSYKOXGV-UHFFFAOYSA-N,SPFYMRJSYKOXGV,,,,Y,,Y,11,0,0,0,0,0,0,0,0,0,0,0,,0
Epalrestat,CHNUOJQWGUIOLD-NFZZJPOKSA-N,CHNUOJQWGUIOLD,,,,Y,,Y,8,1,0,0,0,,0,0,,,1,,0,0
Eperisone,SQUNAWUMZGQQJD-UHFFFAOYSA-N,SQUNAWUMZGQQJD,,,,Y,,Y,11,1,0,0,0,,0,0,0,1,0,0,0,0
Epinephrine,UCTWMZQNUQWSLP-VIFPVBQESA-N,UCTWMZQNUQWSLP,,,,Y,,Y,11,0,0,0,,0,0,0,0,0,0,0,0,0
Ergocalciferol,MECHNRXZTMCUDQ-RKHKHRCZSA-N,MECHNRXZTMCUDQ,,,,Y,,Y,10,3,0,0,0,0,1,0,,1,0,1,0,
Erlotinib,AAKJLRGGTJKAMG-UHFFFAOYSA-N,AAKJLRGGTJKAMG,,,,Y,,Y,10,4,1,0,1,1,0,0,,1,0,0,,0
Erythromycin,ULGZDMOVFRHVEP-RWJQBGPGSA-N,ULGZDMOVFRHVEP,,,,Y,,Y,9,1,0,0,0,0,1,,0,,0,,0,0
erythromycin ethylsuccinate,NSYZCCDSJNWWJL-YXOIYICCSA-N,NSYZCCDSJNWWJL,Y,Y,Y,,,Y,10,0,0,0,0,0,0,0,0,,0,,0,0
Esmolol,AQNDDEOPVVGCPG-UHFFFAOYSA-N,AQNDDEOPVVGCPG,,,,Y,,Y,12,0,0,0,0,0,0,0,0,0,0,0,0,0
Estriol,PROQIPRRNZUXQM-ZXXIGWHRSA-N,PROQIPRRNZUXQM,,,,Y,,Y,12,2,0,0,0,0,1,1,0,0,0,0,0,0
Ethacrynic Acid,AVOLMBLBETYQHX-UHFFFAOYSA-N,AVOLMBLBETYQHX,,,,Y,,Y,10,4,0,0,0,,0,1,,1,0,1,0,1
ethambutol,AEUTYOVWOVBAKS-UWVGGRQHSA-N,AEUTYOVWOVBAKS,Y,Y,,Y,Y,Y,12,0,0,0,0,0,0,0,0,0,0,0,0,0
ethanol,LFQSCWFLJHTTHZ-UHFFFAOYSA-N,LFQSCWFLJHTTHZ,Y,Y,,Y,Y,Y,12,0,0,0,0,0,0,0,0,0,0,0,0,0
ethinylestradiol,BFPYWIDHMRZLRN-SLHNCBLASA-N,BFPYWIDHMRZLRN,Y,Y,Y,Y,Y,Y,12,6,0,1,0,0,1,1,0,0,0,1,1,1
ethionamide,AEOCXXJPGCBFJA-UHFFFAOYSA-N,AEOCXXJPGCBFJA,Y,Y,,,,Y,12,1,0,0,0,0,1,0,0,0,0,0,0,0
Ethisterone,CHNXZKVNWQUJIB-CEGNMAFCSA-N,CHNXZKVNWQUJIB,,,,Y,,Y,12,4,1,1,0,0,1,1,0,0,0,0,0,0
Ethosuximide,HAPOVYFOVVWLRS-UHFFFAOYSA-N,HAPOVYFOVVWLRS,,,,Y,,Y,12,0,0,0,0,0,0,0,0,0,0,0,0,0
Ethylene Glycol,LYCAIKOWRPUZTN-UHFFFAOYSA-N,LYCAIKOWRPUZTN,,,,Y,,Y,12,0,0,0,0,0,0,0,0,0,0,0,0,0
Ethylestrenol,AOXRBFRFYPMWLR-XGXHKTLJSA-N,AOXRBFRFYPMWLR,,,,Y,,Y,2,0,,,,,,,,0,,0,,
Etidronate,DBVJJBKOTRCVKF-UHFFFAOYSA-N,DBVJJBKOTRCVKF,,,,Y,,Y,12,0,0,0,0,0,0,0,0,0,0,0,0,0
Etodolac,NNYBQONXHNTVIJ-UHFFFAOYSA-N,NNYBQONXHNTVIJ,,,,Y,,Y,12,1,0,0,0,0,0,0,0,1,0,0,0,0
etoposide,VJJPUSNTGOMMGY-MRVIYFEKSA-N,VJJPUSNTGOMMGY,Y,Y,,Y,Y,Y,10,2,0,0,0,0,0,0,,,0,1,0,1
Eucalyptol,WEEGYLXZBRQIMU-UHFFFAOYSA-N,WEEGYLXZBRQIMU,,,,Y,,Y,12,1,0,0,1,0,0,0,0,0,0,0,0,0
Famciclovir,GGXKWVWZWMLJEH-UHFFFAOYSA-N,GGXKWVWZWMLJEH,,,,Y,,Y,12,0,0,0,0,0,0,0,0,0,0,0,0,0
famotidine,XUFQPHANEAPEMJ-UHFFFAOYSA-N,XUFQPHANEAPEMJ,Y,Y,,Y,Y,Y,12,0,0,0,0,0,0,0,0,0,0,0,0,0
Fenbendazole,HDDSHPAODJUKPD-UHFFFAOYSA-N,HDDSHPAODJUKPD,,,,Y,,Y,8,6,0,1,1,,1,,0,,1,,1,1
fenofibrate,YMTINGFKWWXKFG-UHFFFAOYSA-N,YMTINGFKWWXKFG,Y,Y,,Y,Y,Y,11,0,0,0,0,0,0,0,0,,0,0,0,0
Fenoprofen,RDJGLLICXDHJDY-UHFFFAOYSA-N,RDJGLLICXDHJDY,,,,Y,,Y,12,1,0,0,0,0,0,0,1,0,0,0,0,0
Finasteride,DBEPLOCGEIEOCV-WSBQPABSSA-N,DBEPLOCGEIEOCV,,,,Y,,Y,12,1,0,0,0,0,0,0,0,1,0,0,0,0
Flavoxate,SPIUTQOUKAMGCX-UHFFFAOYSA-N,SPIUTQOUKAMGCX,,,,Y,,Y,12,0,0,0,0,0,0,0,0,0,0,0,0,0
Fluconazole,RFHAOTPXVQNOHP-UHFFFAOYSA-N,RFHAOTPXVQNOHP,,,,Y,,Y,12,0,0,0,0,0,0,0,0,0,0,0,0,0
Flunarizine,SMANXXCATUTDDT-QPJJXVBHSA-N,SMANXXCATUTDDT,,,,Y,,Y,9,0,0,0,0,,0,0,,0,0,0,0,
Fluocinolone Acetonide,FEBLZLNTKCEFIT-VSXGLTOVSA-N,FEBLZLNTKCEFIT,,,,Y,,Y,11,1,1,0,0,,0,0,0,0,0,0,0,0
Fluorouracil,GHASVSINZRGABV-UHFFFAOYSA-N,GHASVSINZRGABV,,,,Y,,Y,12,2,0,0,0,0,0,0,0,0,1,0,0,1
fluoxetine hydrochloride,RTHCYVBBDHJXIQ-UHFFFAOYSA-N,RTHCYVBBDHJXIQ,Y,Y,,Y,Y,Y,7,0,0,0,0,,,0,,0,0,0,,
fluphenazine,PLDUPXSUYLZYBN-UHFFFAOYSA-N,PLDUPXSUYLZYBN,Y,Y,,Y,Y,Y,5,0,0,0,,,0,0,,,0,,,
Flurbiprofen,SYTBZMRGLBWNTM-UHFFFAOYSA-N,SYTBZMRGLBWNTM,,,,Y,,Y,11,1,0,0,0,0,1,0,,0,0,0,0,0
flutamide,MKXKFYHWDHIYRV-UHFFFAOYSA-N,MKXKFYHWDHIYRV,Y,Y,,Y,Y,Y,11,3,0,0,0,1,,0,0,1,0,0,1,0
Fluvastatin,FJLGEFLZQAZZCD-JUFISIKESA-N,FJLGEFLZQAZZCD,,,,Y,,Y,11,3,0,0,1,1,0,0,,0,0,0,1,0
Foscarnet,ZJAOAACCNHFJAH-UHFFFAOYSA-N,ZJAOAACCNHFJAH,,,,Y,,Y,12,2,0,0,0,0,1,1,0,0,0,0,0,0
Furan,YLQBMQCUIZJEEH-UHFFFAOYSA-N,YLQBMQCUIZJEEH,,,,Y,,Y,11,0,0,0,0,0,,0,0,0,0,0,0,0
furosemide,ZZUFCTLCJUWOSV-UHFFFAOYSA-N,ZZUFCTLCJUWOSV,Y,Y,,Y,Y,Y,12,1,0,0,0,0,1,0,0,0,0,0,0,0
Gabapentin,UGJMXCAKCUNAIE-UHFFFAOYSA-N,UGJMXCAKCUNAIE,,,,Y,,Y,12,0,0,0,0,0,0,0,0,0,0,0,0,0
Gadopentetate Dimeglumine,QPCDCPDFJACHGM-UHFFFAOYSA-N,QPCDCPDFJACHGM,,,,Y,,Y,9,1,0,0,0,0,0,0,,,1,0,0,
galactosamine,MSWZFWKMSRAUBD-GASJEMHNSA-N,MSWZFWKMSRAUBD,Y,Y,,,,Y,12,1,0,0,0,0,1,0,0,0,0,0,0,0
Galantamine,ASUTZQLVASHGKV-JDFRZJQESA-N,ASUTZQLVASHGKV,,,,Y,,Y,10,1,0,0,1,0,0,0,0,,0,,0,0
Gallamine Triethiodide,OZLPUNFFCJDMJD-UHFFFAOYSA-N,OZLPUNFFCJDMJD,,,,Y,,Y,12,0,0,0,0,0,0,0,0,0,0,0,0,0
Gatifloxacin,XUBOMFCQGDBHNK-UHFFFAOYSA-N,XUBOMFCQGDBHNK,,,,Y,,Y,12,1,0,0,0,0,1,0,0,0,0,0,0,0
gefitinib,XGALLCVXEZPNRQ-UHFFFAOYSA-N,XGALLCVXEZPNRQ,Y,Y,,Y,Y,Y,8,2,0,0,1,,,0,0,1,0,0,,
Gemcitabine,SDUQYLNIPVEERB-QPPQHZFASA-N,SDUQYLNIPVEERB,,,,Y,,Y,11,1,0,0,0,0,0,0,,0,0,0,0,1
gemfibrozil,HEMJJKBWTPKOJG-UHFFFAOYSA-N,HEMJJKBWTPKOJG,Y,Y,,Y,Y,Y,12,0,0,0,0,0,0,0,0,0,0,0,0,0
Genistein,TZBJGXHYKVUXJN-UHFFFAOYSA-N,TZBJGXHYKVUXJN,,,,Y,,Y,10,7,0,0,1,,1,1,,1,1,0,1,1
Gentian Violet,LGLFFNDHMLKUMI-UHFFFAOYSA-N,LGLFFNDHMLKUMI,,,,Y,,Y,10,8,0,1,1,1,,1,1,1,0,1,1,
Geraniol,GLZPCOQZEFWAFX-JXMROGBWSA-N,GLZPCOQZEFWAFX,,,,Y,,Y,12,0,0,0,0,0,0,0,0,0,0,0,0,0
glibenclamide,ZNNLBTZKUZBEKO-UHFFFAOYSA-N,ZNNLBTZKUZBEKO,Y,Y,,Y,Y,Y,9,0,0,0,0,0,0,0,,,0,0,,0
Gliclazide,BOVGTQGAOIONJV-UHFFFAOYSA-N,BOVGTQGAOIONJV,,,,Y,,Y,11,0,0,0,,0,0,0,0,0,0,0,0,0
Glimepiride,WIGIZIANZCJQQY-UHFFFAOYSA-N,WIGIZIANZCJQQY,,,,Y,,Y,8,0,0,,0,0,0,0,,,0,0,,0
Glipizide,ZJJXGWJIGJFDTL-UHFFFAOYSA-N,ZJJXGWJIGJFDTL,,,,Y,,Y,12,1,0,0,0,0,0,0,0,1,0,0,0,0
Glycidol,CTKINSOISVBQLD-UHFFFAOYSA-N,CTKINSOISVBQLD,,,,Y,,Y,12,0,0,0,0,0,0,0,0,0,0,0,0,0
Glycine,DHMQDGOQFOQNFH-UHFFFAOYSA-N,DHMQDGOQFOQNFH,,,,Y,,Y,2,0,,,,,,,,0,,0,,
Gold Sodium Thiomalate,NJRXVEJTAYWCQJ-UHFFFAOYSA-N,NJRXVEJTAYWCQJ,,,,Y,,Y,10,0,0,0,0,0,0,0,0,,0,,0,0
Granisetron,MFWNKCLOYSRHCJ-AGUYFDCRSA-N,MFWNKCLOYSRHCJ,,,,Y,,Y,10,0,0,0,0,0,0,0,0,,0,,0,0
griseofulvin,DDUHZTYCFQRHIY-RBHXEPJQSA-N,DDUHZTYCFQRHIY,Y,Y,,Y,Y,Y,11,4,0,0,0,1,0,0,1,,1,0,0,1
Guanethidine,ACGDKVXYNVEAGU-UHFFFAOYSA-N,ACGDKVXYNVEAGU,,,,Y,,Y,2,0,,,,,,,,0,,0,,
haloperidol,LNEPOXFFQSENCJ-UHFFFAOYSA-N,LNEPOXFFQSENCJ,Y,Y,,Y,Y,Y,10,0,0,0,0,0,0,0,0,,0,0,,0
"Hexachloro-1,3-Butadiene",RWNKSTSCBHKHTB-UHFFFAOYSA-N,RWNKSTSCBHKHTB,,,,Y,,Y,12,0,0,0,0,0,0,0,0,0,0,0,0,0
hexachlorobenzene,CKAPSXZOOQJIBF-UHFFFAOYSA-N,CKAPSXZOOQJIBF,Y,Y,Y,,,Y,11,0,0,0,0,0,0,0,0,0,0,0,,0
Hexachloroethane,VHHHONWQHHHLTI-UHFFFAOYSA-N,VHHHONWQHHHLTI,,,,Y,,Y,9,0,,,,0,0,0,0,0,0,0,0,0
Hexachlorophene,ACGUYXCXAPNIKK-UHFFFAOYSA-N,ACGUYXCXAPNIKK,,,,Y,,Y,9,4,0,0,0,,,0,1,,0,1,1,1
Hydralazine,RPTUSVTUFVMDQK-UHFFFAOYSA-N,RPTUSVTUFVMDQK,,,,Y,,Y,10,4,0,0,1,,1,,0,1,0,1,0,0
Hydrazine,OAKJQQAXSVQMHS-UHFFFAOYSA-N,OAKJQQAXSVQMHS,,,,Y,,Y,12,1,0,0,1,0,0,0,0,0,0,0,0,0
Hydrochlorothiazide,JZUFKLXOESDKRF-UHFFFAOYSA-N,JZUFKLXOESDKRF,,,,Y,,Y,12,0,0,0,0,0,0,0,0,0,0,0,0,0
Hydrocortisone,JYGXADMDTFJGBT-VWUMJDOOSA-N,JYGXADMDTFJGBT,,,,Y,,Y,11,3,1,1,0,,1,0,0,0,0,0,0,0
Hydroquinone,QIGBRXMKCJKVMJ-UHFFFAOYSA-N,QIGBRXMKCJKVMJ,,,,Y,,Y,11,2,0,0,1,0,0,0,0,1,0,0,0,
Hydroxyurea,VSNHCAURESNICA-UHFFFAOYSA-N,VSNHCAURESNICA,,,,Y,,Y,12,0,0,0,0,0,0,0,0,0,0,0,0,0
hydroxyzine,ZQDWXGKKHFNSQK-UHFFFAOYSA-N,ZQDWXGKKHFNSQK,Y,Y,,,,Y,11,0,0,0,0,0,0,0,0,0,0,0,,0
Ibufenac,CYWFCPPBTWOZSF-UHFFFAOYSA-N,CYWFCPPBTWOZSF,,,,Y,,Y,2,0,,,,,,,,0,,0,,
ibuprofen,HEFNNWSXXWATRW-UHFFFAOYSA-N,HEFNNWSXXWATRW,Y,Y,,Y,Y,Y,10,0,0,0,0,0,0,0,0,,0,,0,0
Idarubicin,XDXDZDZNSLXDNA-TZNDIEGXSA-N,XDXDZDZNSLXDNA,,,,Y,,Y,9,7,0,1,,1,,1,,1,1,0,1,1
Idebenone,JGPMMRGNQUBGND-UHFFFAOYSA-N,JGPMMRGNQUBGND,,,,Y,,Y,6,1,0,,0,,,0,,0,,0,,1
Ifosfamide,HOMGKSMUEGBAAB-UHFFFAOYSA-N,HOMGKSMUEGBAAB,,,,Y,,Y,12,0,0,0,0,0,0,0,0,0,0,0,0,0
"imatinib, methanesulfonate salt",KTUFNOKKBVMGRW-UHFFFAOYSA-N,KTUFNOKKBVMGRW,Y,Y,,Y,Y,Y,9,2,0,0,1,,0,0,0,,,0,1,0
imipramine,BCGWQEUPMDMJNV-UHFFFAOYSA-N,BCGWQEUPMDMJNV,Y,Y,Y,,,Y,8,0,0,0,0,0,,0,,,0,0,,0
Indinavir,CBVCZFGXHXORBI-PXQQMZJSSA-N,CBVCZFGXHXORBI,,,,Y,,Y,9,0,,0,0,,,0,0,0,0,0,0,0
indomethacin,CGIGDMFJXJATDK-UHFFFAOYSA-N,CGIGDMFJXJATDK,Y,Y,Y,Y,Y,Y,11,1,0,,0,0,0,0,1,0,0,0,0,0
Ipriflavone,SFBODOKJTYAUCM-UHFFFAOYSA-N,SFBODOKJTYAUCM,,,,Y,,Y,10,4,0,0,1,,1,0,0,1,1,0,,0
iproniazid,NYMGNSNKLVNMIA-UHFFFAOYSA-N,NYMGNSNKLVNMIA,Y,Y,,Y,Y,Y,11,2,0,0,,0,1,1,0,0,0,0,0,0
Irinotecan,UWKQSNNFCGGAFS-XIFFEERXSA-N,UWKQSNNFCGGAFS,,,,Y,,Y,8,2,0,0,0,,,0,,,0,0,1,1
Isoeugenol,BJIOGJUNALELMI-ONEGZZNKSA-N,BJIOGJUNALELMI,,,,Y,,Y,6,0,0,0,,,,,0,,0,0,,0
isoniazid,QRXWMOHMRWLFEY-UHFFFAOYSA-N,QRXWMOHMRWLFEY,Y,Y,,Y,Y,Y,12,1,0,0,1,0,0,0,0,0,0,0,0,0
Isoprenaline,JWZZKOKVBUJMES-UHFFFAOYSA-N,JWZZKOKVBUJMES,,,,Y,,Y,12,1,0,0,1,0,0,0,0,0,0,0,0,0
Isotretinoin,SHGAZHPCJJPHSC-XFYACQKRSA-N,SHGAZHPCJJPHSC,,,,Y,,Y,8,1,0,0,0,,,0,1,,0,0,,0
Itraconazole,VHVPQPYKVGDNFY-ZPGVKDDISA-N,VHVPQPYKVGDNFY,,,,Y,,Y,10,1,0,0,,0,,0,0,1,0,0,0,0
Kanamycin,SBUJHOSQTJFQJX-NOAMYHISSA-N,SBUJHOSQTJFQJX,,,,Y,,Y,12,0,0,0,0,0,0,0,0,0,0,0,0,0
Ketamine,YQEZLKZALYSWHR-UHFFFAOYSA-N,YQEZLKZALYSWHR,,,,Y,,Y,10,0,0,0,0,0,0,0,0,,0,,0,0
ketoconazole,XMAYWYJOQHXEEK-ZEQKJWHPSA-N,XMAYWYJOQHXEEK,Y,Y,Y,Y,Y,Y,10,3,0,0,1,0,,0,0,1,0,1,,0
Ketoprofen,DKYWVDODHFEZIM-UHFFFAOYSA-N,DKYWVDODHFEZIM,,,,Y,,Y,12,0,0,0,0,0,0,0,0,0,0,0,0,0
Ketorolac,OZWKMVRBQXNZKK-UHFFFAOYSA-N,OZWKMVRBQXNZKK,,,,Y,,Y,12,0,0,0,0,0,0,0,0,0,0,0,0,0
L-Phenylephrine,SONNWYBIRXJNDC-VIFPVBQESA-N,SONNWYBIRXJNDC,,,,Y,,Y,12,0,0,0,0,0,0,0,0,0,0,0,0,0
labetalol,SGUAFYQXFOLMHL-UHFFFAOYSA-N,SGUAFYQXFOLMHL,Y,Y,,Y,Y,Y,10,0,0,0,0,0,0,0,0,,0,,0,0
Lacidipine,GKQPCPXONLDCMU-CCEZHUSRSA-N,GKQPCPXONLDCMU,,,,Y,,Y,8,7,0,,1,1,,1,1,1,,1,,1
Lamivudine,JTEGQNOMFQHVDC-NKWVEPMBSA-N,JTEGQNOMFQHVDC,,,,Y,,Y,12,0,0,0,0,0,0,0,0,0,0,0,0,0
Lamotrigine,PYZRQGJRPPTADH-UHFFFAOYSA-N,PYZRQGJRPPTADH,,,,Y,,Y,10,0,0,0,,0,0,0,0,0,0,0,,0
Lansoprazole,MJIHNNLFOKEZEW-UHFFFAOYSA-N,MJIHNNLFOKEZEW,,,,Y,,Y,10,2,0,0,1,,,0,0,1,0,0,0,0
Leflunomide,VHOGYURTWQBHIL-UHFFFAOYSA-N,VHOGYURTWQBHIL,,,,Y,,Y,10,5,0,,1,,0,0,0,1,1,1,1,0
Letrozole,HPJKCIUCZWXJDR-UHFFFAOYSA-N,HPJKCIUCZWXJDR,,,,Y,,Y,12,1,0,0,0,1,0,0,0,0,0,0,0,0
Leucovorin,VVIAGPKUTFNRDU-ABLWVSNPSA-N,VVIAGPKUTFNRDU,,,,Y,,Y,10,0,0,0,0,0,0,0,0,,0,,0,0
Levamisole,HLFSDGLLUJUHTE-SNVBAGLBSA-N,HLFSDGLLUJUHTE,,,,Y,,Y,10,1,0,0,0,0,1,,0,0,0,0,,0
Levofloxacin,GSDSWSVVBLHKDQ-JTQLQIEISA-N,GSDSWSVVBLHKDQ,,,,Y,,Y,12,0,0,0,0,0,0,0,0,0,0,0,0,0
Lidocaine,NNJVILVZKWQKPM-UHFFFAOYSA-N,NNJVILVZKWQKPM,,,,Y,,Y,12,0,0,0,0,0,0,0,0,0,0,0,0,0
Lincomycin,OJMMVQQUTAEWLP-KIDUDLJLSA-N,OJMMVQQUTAEWLP,,,,Y,,Y,12,0,0,0,0,0,0,0,0,0,0,0,0,0
Lisinopril,RLAWWYSOJDYHDC-BZSNNMDCSA-N,RLAWWYSOJDYHDC,,,,Y,,Y,12,0,0,0,0,0,0,0,0,0,0,0,0,0
Lomefloxacin,ZEKZLJVOYLTDKK-UHFFFAOYSA-N,ZEKZLJVOYLTDKK,,,,Y,,Y,12,0,0,0,0,0,0,0,0,0,0,0,0,0
lomustine,GQYIWUVLTXOXAJ-UHFFFAOYSA-N,GQYIWUVLTXOXAJ,Y,Y,Y,Y,Y,Y,2,0,,,,,,,,0,,0,,
Loperamide,RDOIQAHITMMDAJ-UHFFFAOYSA-N,RDOIQAHITMMDAJ,,,,Y,,Y,9,0,0,0,0,,,0,,0,0,0,0,0
Loratadine,JCCNYMKQOSZNPW-UHFFFAOYSA-N,JCCNYMKQOSZNPW,,,,Y,,Y,8,2,0,0,0,0,,0,0,1,,,,1
Lorazepam,DIWRORZWFLOCLC-UHFFFAOYSA-N,DIWRORZWFLOCLC,,,,Y,,Y,10,0,0,0,0,0,0,0,0,,0,,0,0
Losartan,PSIFNNKUMBGKDQ-UHFFFAOYSA-N,PSIFNNKUMBGKDQ,,,,Y,,Y,11,1,0,0,0,0,0,0,1,0,0,0,,0
Lovastatin,PCZOHLXUXFIOCF-BXMDZJJMSA-N,PCZOHLXUXFIOCF,,,,Y,,Y,12,3,0,0,0,1,0,0,0,1,0,0,1,0
Loxoprofen,YMBXTVYHTMGZDW-UHFFFAOYSA-N,YMBXTVYHTMGZDW,,,,Y,,Y,12,0,0,0,0,0,0,0,0,0,0,0,0,0
Manganese (Ii) Chloride,WAEMQWOKJMHJLA-UHFFFAOYSA-N,WAEMQWOKJMHJLA,,,,Y,,Y,11,1,0,0,0,0,0,0,0,1,,0,0,0
Mannitol,FBPFZTCFMRRESA-KVTDHHQDSA-N,FBPFZTCFMRRESA,,,,Y,,Y,12,0,0,0,0,0,0,0,0,0,0,0,0,0
Maprotiline,QSLMDECMDJKHMQ-UHFFFAOYSA-N,QSLMDECMDJKHMQ,,,,Y,,Y,9,0,0,0,0,,0,0,,0,0,0,,0
Mebendazole,OPXLLQIJSORQAM-UHFFFAOYSA-N,OPXLLQIJSORQAM,,,,Y,,Y,9,5,0,,1,0,0,,,1,1,0,1,1
mefenamic acid,HYYBABOKPJLUIN-UHFFFAOYSA-N,HYYBABOKPJLUIN,Y,Y,,Y,Y,Y,9,0,0,,0,0,0,0,0,,0,0,,0
Megestrol Acetate,RQZAXGRLVPAYTJ-GQFGMJRRSA-N,RQZAXGRLVPAYTJ,,,,Y,,Y,9,2,1,,0,,0,0,0,1,0,0,,0
Melatonin,DRLFMBDRBRZALE-UHFFFAOYSA-N,DRLFMBDRBRZALE,,,,Y,,Y,12,2,0,0,1,0,1,0,0,0,0,0,0,0
meloxicam,ZRVUJXDFFKFLMG-UHFFFAOYSA-N,ZRVUJXDFFKFLMG,Y,Y,,Y,Y,Y,12,3,1,0,0,0,1,0,0,0,0,0,1,0
Melphalan,SGDBTWWWUNNDEQ-LBPRGKRZSA-N,SGDBTWWWUNNDEQ,,,,Y,,Y,9,2,0,0,0,,0,0,,0,1,0,,1
Meropenem,DMJNNHOOLUXYBV-PQTSNVLCSA-N,DMJNNHOOLUXYBV,,,,Y,,Y,11,0,0,0,0,0,0,0,0,0,0,0,,0
Mesna,ZNEWHQLOPFWXOF-UHFFFAOYSA-N,ZNEWHQLOPFWXOF,,,,Y,,Y,12,0,0,0,0,0,0,0,0,0,0,0,0,0
Mestranol,IMSSROKUHAOUJS-MJCUULBUSA-N,IMSSROKUHAOUJS,,,,Y,,Y,12,3,0,0,0,0,1,1,0,1,0,0,0,0
metformin,XZWYZXLIPXDOLR-UHFFFAOYSA-N,XZWYZXLIPXDOLR,Y,Y,,,,Y,11,0,0,0,0,,0,0,0,0,0,0,0,0
methapyrilene,HNJJXZKZRAWDPF-UHFFFAOYSA-N,HNJJXZKZRAWDPF,Y,Y,,Y,Y,Y,12,0,0,0,0,0,0,0,0,0,0,0,0,0
methimazole,PMRYVIKBURPHAH-UHFFFAOYSA-N,PMRYVIKBURPHAH,Y,Y,,Y,Y,Y,12,1,0,0,0,0,0,0,0,0,0,1,0,0
Methocarbamol,GNXFOGHNGIVQEH-UHFFFAOYSA-N,GNXFOGHNGIVQEH,,,,Y,,Y,12,0,0,0,0,0,0,0,0,0,0,0,0,0
Methotrexate,FBOZXECLQNJBKD-ZDUSSCGKSA-N,FBOZXECLQNJBKD,,,,Y,,Y,10,1,0,0,0,0,0,0,,,0,0,0,1
Methyl Methanesulfonate,MBABOKRGFJTBAE-UHFFFAOYSA-N,MBABOKRGFJTBAE,,,,Y,,Y,12,0,0,0,0,0,0,0,0,0,0,0,0,0
Methyl Salicylate,OSWPMRLSEDHDFF-UHFFFAOYSA-N,OSWPMRLSEDHDFF,,,,Y,,Y,12,0,0,0,0,0,0,0,0,0,0,0,0,0
methyldopa,CJCSPKMFHVPWAR-JTQLQIEISA-N,CJCSPKMFHVPWAR,Y,Y,,Y,Y,Y,12,0,0,0,0,0,0,0,0,0,0,0,0,0
Methylparaben,LXCFILQKKLGQFO-UHFFFAOYSA-N,LXCFILQKKLGQFO,,,,Y,,Y,12,0,0,0,0,0,0,0,0,0,0,0,0,0
methyltestosterone,GCKMFJBGXUYNAG-HLXURNFRSA-N,GCKMFJBGXUYNAG,Y,Y,Y,Y,Y,Y,11,5,1,1,0,0,1,1,0,,0,0,0,1
Metoclopramide,TTWJBBZEZQICBI-UHFFFAOYSA-N,TTWJBBZEZQICBI,,,,Y,,Y,12,0,0,0,0,0,0,0,0,0,0,0,0,0
Metoprolol,IUBSYMUCCVWXPE-UHFFFAOYSA-N,IUBSYMUCCVWXPE,,,,Y,,Y,12,0,0,0,0,0,0,0,0,0,0,0,0,0
Metronidazole,VAOCPAMSLUNLGC-UHFFFAOYSA-N,VAOCPAMSLUNLGC,,,,Y,,Y,12,0,0,0,0,0,0,0,0,0,0,0,0,0
Mevastatin,AJLFOPYRIVGYMJ-INTXDZFKSA-N,AJLFOPYRIVGYMJ,,,,Y,,Y,10,1,0,0,0,1,0,0,0,,0,,0,0
mexiletine,VLPIATFUUWWMKC-UHFFFAOYSA-N,VLPIATFUUWWMKC,Y,Y,,Y,Y,Y,12,0,0,0,0,0,0,0,0,0,0,0,0,0
Mianserin,UEQUQVLFIPOEMF-UHFFFAOYSA-N,UEQUQVLFIPOEMF,,,,Y,,Y,9,0,0,,0,0,,0,0,0,0,0,,0
Miconazole,BYBLEWFAAKGYCD-UHFFFAOYSA-N,BYBLEWFAAKGYCD,,,,Y,,Y,9,2,0,0,1,1,0,0,0,,0,,0,
Mifepristone,VKHAHZOOUSRJNA-GCNJZUOMSA-N,VKHAHZOOUSRJNA,,,,Y,,Y,8,4,1,0,0,,,0,,1,,0,1,1
Mitomycin C,NWIBSHFKIJFRCO-WUDYKRTCSA-N,NWIBSHFKIJFRCO,,,,Y,,Y,8,1,0,0,0,,,0,,,0,0,0,1
Mitotane,JWBOIMRXGHLCPP-UHFFFAOYSA-N,JWBOIMRXGHLCPP,,,,Y,,Y,11,3,0,0,0,0,1,1,0,0,0,0,1,
Mitoxantrone,KKZJGLLVHKMTCM-UHFFFAOYSA-N,KKZJGLLVHKMTCM,,,,Y,,Y,6,2,0,,,,0,,0,,1,,0,1
Mln-518,UXXQOJXBIDBUAC-UHFFFAOYSA-N,UXXQOJXBIDBUAC,,,,Y,,Y,6,2,0,,,,0,,0,1,,0,,1
Moclobemide,YHXISWVBGDMDLQ-UHFFFAOYSA-N,YHXISWVBGDMDLQ,,,,Y,,Y,12,3,1,1,0,0,1,0,0,0,0,0,0,0
Modafinil,YFGHCGITMMYXAQ-UHFFFAOYSA-N,YFGHCGITMMYXAQ,,,,Y,,Y,12,0,0,0,0,0,0,0,0,0,0,0,0,0
monocrotaline,QVCMHGGNRFRMAD-XFGHUUIASA-N,QVCMHGGNRFRMAD,Y,Y,Y,Y,Y,Y,12,0,0,0,0,0,0,0,0,0,0,0,0,0
Mosapride,YPELFRMCRYSPKZ-UHFFFAOYSA-N,YPELFRMCRYSPKZ,,,,Y,,Y,9,1,0,0,1,0,0,0,,,0,0,,0
moxisylyte,VRYMTAVOXVTQEF-UHFFFAOYSA-N,VRYMTAVOXVTQEF,Y,Y,,,,Y,12,0,0,0,0,0,0,0,0,0,0,0,0,0
Moxonidine,WPNJAUFVNXKLIM-UHFFFAOYSA-N,WPNJAUFVNXKLIM,,,,Y,,Y,11,1,0,0,1,,0,0,0,0,0,0,0,0
Mycophenolate Mofetil,RTGDFNSFWBGLEC-SYZQJQIISA-N,RTGDFNSFWBGLEC,,,,Y,,Y,7,3,0,,,,1,,,1,0,0,0,1
"N,N-Dimethylformamide",ZMXDDKWLCZADIW-UHFFFAOYSA-N,ZMXDDKWLCZADIW,,,,Y,,Y,12,0,0,0,0,0,0,0,0,0,0,0,0,0
N-methyl-N-nitrosourea,ZRKWMRDKSOPRRS-UHFFFAOYSA-N,ZRKWMRDKSOPRRS,Y,Y,,,,Y,12,1,0,0,0,0,0,0,0,0,0,1,0,0
N-Nitrosodimethylamine,UMFJAHHVKNCGLG-UHFFFAOYSA-N,UMFJAHHVKNCGLG,,,,Y,,Y,12,0,0,0,0,0,0,0,0,0,0,0,0,0
N-nitrosomorpholine,ZKXDGKXYMTYWTB-UHFFFAOYSA-N,ZKXDGKXYMTYWTB,Y,Y,,,,Y,12,0,0,0,0,0,0,0,0,0,0,0,0,0
Nabumetone,BLXXJMDCKKHMKV-UHFFFAOYSA-N,BLXXJMDCKKHMKV,,,,Y,,Y,10,3,0,0,,,1,0,0,1,1,0,0,0
Nadolol,VWPOSFSPZNDTMJ-UCWKZMIHSA-N,VWPOSFSPZNDTMJ,,,,Y,,Y,12,0,0,0,0,0,0,0,0,0,0,0,0,0
Nafenopin,XJGBDJOMWKAZJS-UHFFFAOYSA-N,XJGBDJOMWKAZJS,,,,Y,,Y,10,2,0,0,0,0,1,0,1,,0,,0,0
Naloxone,UZHSEJADLWPNLE-GRGSLBFTSA-N,UZHSEJADLWPNLE,,,,Y,,Y,12,0,0,0,0,0,0,0,0,0,0,0,0,0
naproxen,CMWTZPSULFXXJA-VIFPVBQESA-N,CMWTZPSULFXXJA,Y,Y,,Y,Y,Y,12,0,0,0,0,0,0,0,0,0,0,0,0,0
Nateglinide,OELFLUMRDSZNSF-OFLPRAFFSA-N,OELFLUMRDSZNSF,,,,Y,,Y,11,0,0,0,0,,0,0,0,0,0,0,0,0
nefazodone,VRBKIVRKKCLPHA-UHFFFAOYSA-N,VRBKIVRKKCLPHA,Y,,,,,Y,6,0,0,0,,,,0,,,0,0,,0
Neostigmine Bromide,ALWKGYPQUAPLQC-UHFFFAOYSA-N,ALWKGYPQUAPLQC,,,,Y,,Y,11,0,0,0,0,0,0,0,0,0,0,0,,0
Netilmicin,CIDUJQMULVCIBT-MQDUPKMGSA-N,CIDUJQMULVCIBT,,,,Y,,Y,2,0,,,,,,,,0,,0,,
Nevirapine,NQDJXKOVJZTUJA-UHFFFAOYSA-N,NQDJXKOVJZTUJA,,,,Y,,Y,12,0,0,0,0,0,0,0,0,0,0,0,0,0
Niacinamide,DFPAKSUCGFBDDF-UHFFFAOYSA-N,DFPAKSUCGFBDDF,,,,Y,,Y,12,0,0,0,0,0,0,0,0,0,0,0,0,0
Nicotine,SNICXCGAKADSCV-JTQLQIEISA-N,SNICXCGAKADSCV,,,,Y,,Y,12,0,0,0,0,0,0,0,0,0,0,0,0,0
nicotinic acid,PVNIIMVLHYAWGP-UHFFFAOYSA-N,PVNIIMVLHYAWGP,Y,Y,,Y,Y,Y,12,0,0,0,0,0,0,0,0,0,0,0,0,0
nifedipine,HYIMSNHJOBLJNT-UHFFFAOYSA-N,HYIMSNHJOBLJNT,Y,Y,,Y,Y,Y,12,2,0,0,1,1,0,0,0,0,0,0,0,0
nimesulide,HYWYRSMBCFDLJT-UHFFFAOYSA-N,HYWYRSMBCFDLJT,Y,Y,,Y,Y,Y,12,1,0,0,0,0,0,0,0,0,0,0,1,0
Nimetazepam,GWUSZQUVEVMBPI-UHFFFAOYSA-N,GWUSZQUVEVMBPI,,,,Y,,Y,8,2,1,0,,,,0,0,0,1,0,,0
Nimodipine,UIAGMCDKSXEBJQ-UHFFFAOYSA-N,UIAGMCDKSXEBJQ,,,,Y,,Y,10,1,0,0,1,0,0,0,0,,0,0,,0
Nisoldipine,VKQFCGNPDRICFG-UHFFFAOYSA-N,VKQFCGNPDRICFG,,,,Y,,Y,4,2,0,,1,,,0,,,,1,,
Nitrazepam,KJONHKAYOJNZEC-UHFFFAOYSA-N,KJONHKAYOJNZEC,,,,Y,,Y,12,0,0,0,0,0,0,0,0,0,0,0,0,0
Nitrendipine,PVHUJELLJLJGLN-UHFFFAOYSA-N,PVHUJELLJLJGLN,,,,Y,,Y,10,1,0,0,,0,,0,0,0,0,0,1,0
Nitrobenzene,LQNUZADURLCDLV-UHFFFAOYSA-N,LQNUZADURLCDLV,,,,Y,,Y,12,0,0,0,0,0,0,0,0,0,0,0,0,0
nitrofurantoin,NXFQHRVNIOXGAQ-YCRREMRBSA-N,NXFQHRVNIOXGAQ,Y,Y,Y,Y,Y,Y,9,2,0,,0,,0,0,,1,0,0,1,0
nitrofurazone,IAIWVQXQOWNYOU-FPYGCLRLSA-N,IAIWVQXQOWNYOU,Y,Y,,,,Y,12,2,0,0,0,0,0,0,0,1,0,0,1,0
nitrosodiethylamine,WBNQDOYYEUMPFS-UHFFFAOYSA-N,WBNQDOYYEUMPFS,Y,Y,,Y,Y,Y,12,1,0,0,0,0,1,0,0,0,0,0,0,0
Nizatidine,SGXXNSQHWDMGGP-UHFFFAOYSA-N,SGXXNSQHWDMGGP,,,,Y,,Y,12,0,0,0,0,0,0,0,0,0,0,0,0,0
Norepinephrine,SFLSHLFXELFNJZ-QMMMGPOBSA-N,SFLSHLFXELFNJZ,,,,Y,,Y,11,0,0,0,,0,0,0,0,0,0,0,0,0
Norethindrone,VIKNJXKGJWUCNN-XGXHKTLJSA-N,VIKNJXKGJWUCNN,,,,Y,,Y,12,5,1,1,0,0,1,1,0,1,0,0,0,0
Norethindrone Acetate,IMONTRJLAWHYGT-ZCPXKWAGSA-N,IMONTRJLAWHYGT,,,,Y,,Y,7,4,1,1,0,,1,1,,,,,0,0
Norfloxacin,OGJPXUAPXNRGGI-UHFFFAOYSA-N,OGJPXUAPXNRGGI,,,,Y,,Y,12,0,0,0,0,0,0,0,0,0,0,0,0,0
Nortriptyline,PHVGLTMQBUFIQQ-UHFFFAOYSA-N,PHVGLTMQBUFIQQ,,,,Y,,Y,7,0,0,0,0,,0,0,,,0,,,0
Noscapine,AKNNEGZIBPJZJG-MSOLQXFVSA-N,AKNNEGZIBPJZJG,,,,Y,,Y,11,0,0,0,0,0,0,0,0,0,0,0,0,
Nystatin,VQOXZBDYSJBXMA-RKEBNKJGSA-N,VQOXZBDYSJBXMA,,,,Y,,Y,10,0,0,0,0,0,0,0,0,,0,,0,0
Olanzapine,KVWDHTXUZHCGIO-UHFFFAOYSA-N,KVWDHTXUZHCGIO,,,,Y,,Y,11,0,0,0,,0,0,0,0,0,0,0,0,0
omeprazole,SUBDBMMJDZJVOS-UHFFFAOYSA-N,SUBDBMMJDZJVOS,Y,Y,Y,Y,Y,Y,11,2,0,0,1,0,,0,0,1,0,0,0,0
Ondansetron,FELGMEQIXOGIFQ-UHFFFAOYSA-N,FELGMEQIXOGIFQ,,,,Y,,Y,12,0,0,0,0,0,0,0,0,0,0,0,0,0
Ouabain,LPMXVESGRSUGHW-HBYQJFLCSA-N,LPMXVESGRSUGHW,,,,Y,,Y,8,3,0,1,0,1,,0,,,,0,1,0
Oxaliplatin,SSJXIUAHEKJCMH-PHDIDXHHSA-N,SSJXIUAHEKJCMH,,,,Y,,Y,12,0,0,0,0,0,0,0,0,0,0,0,0,0
Oxaprozin,OFPXSFXSNFPTHF-UHFFFAOYSA-N,OFPXSFXSNFPTHF,,,,Y,,Y,10,1,0,0,0,0,,0,1,,0,0,0,0
Oxcarbazepine,CTRLABGOLIVAIY-UHFFFAOYSA-N,CTRLABGOLIVAIY,,,,Y,,Y,11,0,0,0,,0,0,0,0,0,0,0,0,0
Oxfendazole,BEZZFPOZAYTVHN-UHFFFAOYSA-N,BEZZFPOZAYTVHN,,,,Y,,Y,12,2,0,0,1,0,0,0,0,0,0,0,0,1
Oxiconazole,QRJJEGAJXVEBNE-HKOYGPOVSA-N,QRJJEGAJXVEBNE,,,,Y,,Y,10,3,0,0,1,1,0,0,0,,0,1,0,
Oxybutynin,XIQVNETUBQGFHX-UHFFFAOYSA-N,XIQVNETUBQGFHX,,,,Y,,Y,9,0,0,0,0,0,0,0,0,,0,,,0
Oxymetazoline,WYWIFABBXFUGLM-UHFFFAOYSA-N,WYWIFABBXFUGLM,,,,Y,,Y,12,0,0,0,0,0,0,0,0,0,0,0,0,0
Oxymetholone,ICMWWNHDUZJFDW-DHODBPELSA-N,ICMWWNHDUZJFDW,,,,Y,,Y,8,6,1,1,0,,1,1,,1,0,1,,
Oxyquinoline,MCJGNVYPOGVAJF-UHFFFAOYSA-N,MCJGNVYPOGVAJF,,,,Y,,Y,10,3,0,0,0,,1,1,,0,0,0,0,1
Pantoprazole,IQPSEEYGBUAQFF-UHFFFAOYSA-N,IQPSEEYGBUAQFF,,,,Y,,Y,12,2,0,0,1,0,0,0,0,1,0,0,0,0
papaverine,XQYZDYMELSJDRZ-UHFFFAOYSA-N,XQYZDYMELSJDRZ,Y,Y,,Y,Y,Y,9,1,0,0,,0,,0,0,1,0,0,,0
Paroxetine,AHOUBRCZNHFOSL-YOEHRIQHSA-N,AHOUBRCZNHFOSL,,,,Y,,Y,5,0,0,0,0,,,0,,,0,,,
pemoline,NRNCYVBFPDDJNE-UHFFFAOYSA-N,NRNCYVBFPDDJNE,Y,Y,,Y,Y,Y,12,0,0,0,0,0,0,0,0,0,0,0,0,0
Penciclovir,JNTOCHDNEULJHD-UHFFFAOYSA-N,JNTOCHDNEULJHD,,,,Y,,Y,12,0,0,0,0,0,0,0,0,0,0,0,0,0
Penicillin G,JGSARLDLIJGVTE-MBNYWOFBSA-N,JGSARLDLIJGVTE,,,,Y,,Y,12,0,0,0,0,0,0,0,0,0,0,0,0,0
Pentamidine,XDRYMKDFEDOLFX-UHFFFAOYSA-N,XDRYMKDFEDOLFX,,,,Y,,Y,10,3,0,0,0,1,,0,0,1,,0,1,0
Pentobarbital,WEXRUCMBJFQVBZ-UHFFFAOYSA-N,WEXRUCMBJFQVBZ,,,,Y,,Y,10,0,0,0,0,0,0,0,0,,0,,0,0
Pentoxifylline,BYPFEZZEUUWMEJ-UHFFFAOYSA-N,BYPFEZZEUUWMEJ,,,,Y,,Y,12,0,0,0,0,0,0,0,0,0,0,0,0,0
Pergolide,YEHCICAEULNIGD-MZMPZRCHSA-N,YEHCICAEULNIGD,,,,Y,,Y,10,0,0,0,,0,,0,0,0,0,0,0,0
perhexiline,CYXKNKQEMFBLER-UHFFFAOYSA-N,CYXKNKQEMFBLER,Y,Y,,Y,Y,Y,2,1,0,,,,,,,,,,1,
Phenacemide,XPFRXWCVYUEORT-UHFFFAOYSA-N,XPFRXWCVYUEORT,,,,Y,,Y,12,1,0,0,0,0,1,0,0,0,0,0,0,0
phenacetin,CPJSUEIXXCENMM-UHFFFAOYSA-N,CPJSUEIXXCENMM,Y,Y,Y,Y,Y,Y,12,0,0,0,0,0,0,0,0,0,0,0,0,0
Phenelzine,RMUCZJUITONUFY-UHFFFAOYSA-N,RMUCZJUITONUFY,,,,Y,,Y,11,4,1,0,1,,1,0,0,1,0,0,0,0
phenobarbital,DDBREPKUVSBGFI-UHFFFAOYSA-N,DDBREPKUVSBGFI,Y,Y,,Y,Y,Y,12,0,0,0,0,0,0,0,0,0,0,0,0,0
Phenothiazine,WJFKNYWRSNBZNX-UHFFFAOYSA-N,WJFKNYWRSNBZNX,,,,Y,,Y,12,2,0,0,0,0,1,0,0,0,0,0,1,0
Phentolamine,MRBDMNSDAVCSSF-UHFFFAOYSA-N,MRBDMNSDAVCSSF,,,,Y,,Y,8,0,0,0,0,0,,0,0,,0,0,,
phenylbutazone,VYMDGNCVAMGZFE-UHFFFAOYSA-N,VYMDGNCVAMGZFE,Y,Y,Y,Y,Y,Y,12,1,0,0,0,0,0,0,0,0,0,0,1,0
Phenylhydrazine,HKOOXMFOFWEVGF-UHFFFAOYSA-N,HKOOXMFOFWEVGF,,,,Y,,Y,11,3,0,0,1,0,0,0,,1,0,0,1,0
phenytoin,CXOFVDLJLONNDW-UHFFFAOYSA-N,CXOFVDLJLONNDW,Y,Y,,Y,Y,Y,12,0,0,0,0,0,0,0,0,0,0,0,0,0
phorone,MTZWHHIREPJPTG-UHFFFAOYSA-N,MTZWHHIREPJPTG,Y,Y,,,,Y,12,0,0,0,0,0,0,0,0,0,0,0,0,0
Pioglitazone,HYAFETHFCAUJAY-UHFFFAOYSA-N,HYAFETHFCAUJAY,,,,Y,,Y,11,3,0,0,0,0,,0,1,1,0,0,1,0
Piracetam,GMZVRMREEHBGGF-UHFFFAOYSA-N,GMZVRMREEHBGGF,,,,Y,,Y,12,0,0,0,0,0,0,0,0,0,0,0,0,0
Piroxicam,QYSPLQLAKJAUJT-UHFFFAOYSA-N,QYSPLQLAKJAUJT,,,,Y,,Y,12,2,0,0,1,0,0,0,0,0,0,0,1,0
Podophyllotoxin,YJGVMLPVUAXIQN-XVVDYKMHSA-N,YJGVMLPVUAXIQN,,,,Y,,Y,8,3,0,,1,0,0,,,,1,0,1,0
Pralidoxime Chloride,JBKPUQTUERUYQE-UHFFFAOYSA-O,JBKPUQTUERUYQE,,,,Y,,Y,12,0,0,0,0,0,0,0,0,0,0,0,0,0
Pramoxine,DQKXQSGTHWVTAD-UHFFFAOYSA-N,DQKXQSGTHWVTAD,,,,Y,,Y,9,1,0,0,,,0,0,0,1,0,0,,0
Pravastatin,TUZYXOIXSAXUGO-PZAWKZKUSA-N,TUZYXOIXSAXUGO,,,,Y,,Y,12,0,0,0,0,0,0,0,0,0,0,0,0,0
Praziquantel,FSVJFNAIGNNGKK-UHFFFAOYSA-N,FSVJFNAIGNNGKK,,,,Y,,Y,12,1,0,0,0,0,1,0,0,0,0,0,0,0
Prazosin,IENZQIKPVFGBNW-UHFFFAOYSA-N,IENZQIKPVFGBNW,,,,Y,,Y,7,0,0,,,,0,0,0,0,,0,0,
Prednisolone,OIGNJSKKLXVSLS-VWUMJDOOSA-N,OIGNJSKKLXVSLS,,,,Y,,Y,11,2,1,1,0,,0,0,0,0,0,0,0,0
Prednisone,XOFYZVNMUHMLCC-ZPOLXVRWSA-N,XOFYZVNMUHMLCC,,,,Y,,Y,12,3,1,1,0,0,1,0,0,0,0,0,0,0
Primaquine,INDBQLZJXZLFIT-UHFFFAOYSA-N,INDBQLZJXZLFIT,,,,Y,,Y,9,0,0,0,,0,,0,0,,0,0,0,0
Primidone,DQMZLTXERSFNPB-UHFFFAOYSA-N,DQMZLTXERSFNPB,,,,Y,,Y,12,0,0,0,0,0,0,0,0,0,0,0,0,0
Probenecid,DBABZHXKTCFAPX-UHFFFAOYSA-N,DBABZHXKTCFAPX,,,,Y,,Y,12,2,1,0,0,0,0,1,0,0,0,0,0,0
Procainamide,REQCZEXYDRLIBE-UHFFFAOYSA-N,REQCZEXYDRLIBE,,,,Y,,Y,12,0,0,0,0,0,0,0,0,0,0,0,0,0
Procaine,MFDFERRIHVXMIY-UHFFFAOYSA-N,MFDFERRIHVXMIY,,,,Y,,Y,12,0,0,0,0,0,0,0,0,0,0,0,0,0
Procarbazine,CPTBDICYNRMXFX-UHFFFAOYSA-N,CPTBDICYNRMXFX,,,,Y,,Y,11,0,0,0,,0,0,0,0,0,0,0,0,0
Prochlorperazine,WIKYUJGCLQQFNW-UHFFFAOYSA-N,WIKYUJGCLQQFNW,,,,Y,,Y,5,1,0,0,1,,,0,,,,0,,
Progesterone,RJKFOVLPORLFTN-LEKSSAKUSA-N,RJKFOVLPORLFTN,,,,Y,,Y,9,3,1,1,0,0,1,0,,,0,0,,0
Proglumide,DGMKFQYCZXERLX-UHFFFAOYSA-N,DGMKFQYCZXERLX,,,,Y,,Y,12,0,0,0,0,0,0,0,0,0,0,0,0,0
Promazine,ZGUGWUXLJSTTMA-UHFFFAOYSA-N,ZGUGWUXLJSTTMA,,,,Y,,Y,10,1,1,0,0,,0,0,0,0,0,0,,0
promethazine,PWWVAXIEGOYWEE-UHFFFAOYSA-N,PWWVAXIEGOYWEE,Y,Y,,Y,Y,Y,11,0,0,0,0,0,0,0,0,0,0,0,,0
propranolol,AQHHHDLHHXJYJD-UHFFFAOYSA-N,AQHHHDLHHXJYJD,Y,Y,,Y,Y,Y,10,0,0,0,,0,0,0,0,0,0,0,,0
Propylene Glycol,DNIAPMSPPWPWGF-UHFFFAOYSA-N,DNIAPMSPPWPWGF,,,,Y,,Y,12,0,0,0,0,0,0,0,0,0,0,0,0,0
propylthiouracil,KNAHARQHSZJURB-UHFFFAOYSA-N,KNAHARQHSZJURB,Y,Y,,Y,Y,Y,12,1,0,0,0,0,1,0,0,0,0,0,0,0
Pyrazinamide,IPEHBUMCGVEMRF-UHFFFAOYSA-N,IPEHBUMCGVEMRF,,,,Y,,Y,12,0,0,0,0,0,0,0,0,0,0,0,0,0
Pyridine,JUJWROOIHBZHMG-UHFFFAOYSA-N,JUJWROOIHBZHMG,,,,Y,,Y,12,0,0,0,0,0,0,0,0,0,0,0,0,0
Pyrilamine,YECBIJXISLIIDS-UHFFFAOYSA-N,YECBIJXISLIIDS,,,,Y,,Y,12,1,0,0,0,0,0,0,0,0,0,0,1,0
Pyrogallol,WQGWDDDVZFFDIG-UHFFFAOYSA-N,WQGWDDDVZFFDIG,,,,Y,,Y,12,5,0,0,1,0,1,1,0,0,0,0,1,1
Quetiapine,URKOMYMAXPYINW-UHFFFAOYSA-N,URKOMYMAXPYINW,,,,Y,,Y,11,0,0,0,0,0,0,0,0,0,0,0,,0
Quinapril,JSDRRTOADPPCHY-HSQYWUDLSA-N,JSDRRTOADPPCHY,,,,Y,,Y,12,1,0,0,1,0,0,0,0,0,0,0,0,0
quinidine,LOUPRKONTZGTKE-LHHVKLHASA-N,LOUPRKONTZGTKE,Y,Y,,,,Y,11,1,0,0,1,0,0,0,0,,0,0,0,0
Rabeprazole,YREYEVIYCVEVJK-UHFFFAOYSA-N,YREYEVIYCVEVJK,,,,Y,,Y,10,3,1,0,1,,,0,0,1,0,0,0,0
Raloxifene,GZUITABIAKMVPG-UHFFFAOYSA-N,GZUITABIAKMVPG,,,,Y,,Y,8,4,0,,0,1,,,,0,0,1,1,1
Ramipril,HDACQVRGBOVJII-JBDAPHQKSA-N,HDACQVRGBOVJII,,,,Y,,Y,11,0,0,0,0,0,0,0,0,0,0,0,,0
ranitidine,VMXUWOKSQNHOCA-UKTHLTGXSA-N,VMXUWOKSQNHOCA,Y,Y,,Y,Y,Y,12,0,0,0,0,0,0,0,0,0,0,0,0,0
Rapamycin,QFJCIRLUMZQUOT-HPLJOQBZSA-N,QFJCIRLUMZQUOT,,,,Y,,Y,5,2,0,,0,1,,0,,,,,1,
rifampicin,JQXXHWHPUNPDRT-WLSIYKJHSA-N,JQXXHWHPUNPDRT,Y,Y,Y,Y,Y,Y,12,1,0,0,0,0,0,0,0,0,0,0,1,0
Rifapentine,WDZCUPBHRAEYDL-GZAUEHORSA-N,WDZCUPBHRAEYDL,,,,Y,,Y,6,1,0,0,0,,,0,,,0,,1,
Risperidone,RAPZEAPATHNIPO-UHFFFAOYSA-N,RAPZEAPATHNIPO,,,,Y,,Y,11,0,0,0,0,0,0,0,0,,0,0,0,0
Ritonavir,NCDNCNXCDXHOMX-XGKFQTDJSA-N,NCDNCNXCDXHOMX,,,,Y,,Y,8,0,0,0,0,0,,0,,,,0,0,0
Rofecoxib,RZJQGNCSTQAWON-UHFFFAOYSA-N,RZJQGNCSTQAWON,,,,Y,,Y,10,0,0,0,0,0,0,0,0,,0,,0,0
Rolipram,HJORMJIFDVBMOB-UHFFFAOYSA-N,HJORMJIFDVBMOB,,,,Y,,Y,12,0,0,0,0,0,0,0,0,0,0,0,0,0
rosiglitazone maleate,YASAKCUCGLMORW-UHFFFAOYSA-N,YASAKCUCGLMORW,Y,Y,,Y,Y,Y,11,3,0,,0,0,0,0,1,1,0,0,1,0
rotenone,JUVIOZPCNVVQFO-HBGVWJBISA-N,JUVIOZPCNVVQFO,Y,Y,,,,Y,8,2,0,0,0,,,0,,1,0,0,,1
Roxarsone,XMVJITFPVVRMHC-UHFFFAOYSA-N,XMVJITFPVVRMHC,,,,Y,,Y,12,0,0,0,0,0,0,0,0,0,0,0,0,0
Roxithromycin,RXZBMPWDPOLZGW-XMRMVWPWSA-N,RXZBMPWDPOLZGW,,,,Y,,Y,12,0,0,0,0,0,0,0,0,0,0,0,0,0
Safrole,ZMQAAUBTXCXRIC-UHFFFAOYSA-N,ZMQAAUBTXCXRIC,,,,Y,,Y,12,0,0,0,0,0,0,0,0,0,0,0,0,0
Salicylamide,SKZKKFZAGNVIMN-UHFFFAOYSA-N,SKZKKFZAGNVIMN,,,,Y,,Y,12,0,0,0,0,0,0,0,0,0,0,0,0,0
Salicylic Acid,YGSDEFSMJLZEOE-UHFFFAOYSA-N,YGSDEFSMJLZEOE,,,,Y,,Y,12,0,0,0,0,0,0,0,0,0,0,0,0,0
Saquinavir,QWAXKHKRTORLEM-UGJKXSETSA-N,QWAXKHKRTORLEM,,,,Y,,Y,5,1,0,0,0,,,0,,,,,1,
Secobarbital,KQPKPCNLIDLUMF-UHFFFAOYSA-N,KQPKPCNLIDLUMF,,,,Y,,Y,12,0,0,0,0,0,0,0,0,0,0,0,0,0
Sertraline,VGKDLMBJGBXTGI-SJCJKPOMSA-N,VGKDLMBJGBXTGI,,,,Y,,Y,4,0,0,0,0,,,0,,,,,,
Sibutramine,UNAANXDKBXWMLN-UHFFFAOYSA-N,UNAANXDKBXWMLN,,,,Y,,Y,12,0,0,0,0,0,0,0,0,0,0,0,0,0
Sildenafil,BNRNXUUZRGQAQC-UHFFFAOYSA-N,BNRNXUUZRGQAQC,,,,Y,,Y,11,0,0,0,0,0,0,0,0,0,0,0,,0
simvastatin,RYMZZMVNJRMUDD-HGQWONQESA-N,RYMZZMVNJRMUDD,Y,Y,,Y,Y,Y,10,4,1,0,0,1,1,0,0,1,0,,,0
Sisomicin,URWAJWIAIPFPJE-YFMIWBNJSA-N,URWAJWIAIPFPJE,,,,Y,,Y,2,0,,,,,,,,0,,0,,
Sodium Selenite,MCAHWIHFGHIESP-UHFFFAOYSA-N,MCAHWIHFGHIESP,,,,Y,,Y,11,0,0,0,0,0,0,0,0,0,,0,0,0
Sotalol,ZBMZVLHSJCTVON-UHFFFAOYSA-N,ZBMZVLHSJCTVON,,,,Y,,Y,12,1,1,0,0,0,0,0,0,0,0,0,0,0
Sparfloxacin,DZZWHBIBMUVIIW-DTORHVGOSA-N,DZZWHBIBMUVIIW,,,,Y,,Y,12,1,1,0,0,0,0,0,0,0,0,0,0,0
Sparteine,SLRCCWJSBJZJBV-ZQDZILKHSA-N,SLRCCWJSBJZJBV,,,,Y,,Y,12,0,0,0,0,0,0,0,0,0,0,0,0,0
Spironolactone,LXMSZDCAJNLERA-ZHYRCANASA-N,LXMSZDCAJNLERA,,,,Y,,Y,9,4,1,1,0,1,0,0,,,0,0,,1
Stavudine,XNKLLVCARDGLGL-JGVFFNPUSA-N,XNKLLVCARDGLGL,,,,Y,,Y,12,0,0,0,0,0,0,0,0,0,0,0,0,0
Streptomycin,UCSJYZPVAKXKNQ-HZYVHMACSA-N,UCSJYZPVAKXKNQ,,,,Y,,Y,10,0,0,0,0,0,0,0,0,,0,,0,0
Streptozotocin,ZSJLQEPLLKMAKR-GKHCUFPYSA-N,ZSJLQEPLLKMAKR,,,,Y,,Y,12,0,0,0,0,0,0,0,0,0,0,0,0,0
Sulbactam,FKENQMMABCRJMK-RITPCOANSA-N,FKENQMMABCRJMK,,,,Y,,Y,9,0,0,0,0,0,0,0,,,0,0,0,
Sulconazole,AFNXATANNDIXLG-UHFFFAOYSA-N,AFNXATANNDIXLG,,,,Y,,Y,9,2,0,0,0,1,0,0,0,,0,1,,
Sulfadiazine,SEEPANYCNGTZFQ-UHFFFAOYSA-N,SEEPANYCNGTZFQ,,,,Y,,Y,10,0,0,0,0,0,0,0,0,,0,,0,0
Sulfadimethoxine,ZZORFUFYDOWNEF-UHFFFAOYSA-N,ZZORFUFYDOWNEF,,,,Y,,Y,12,0,0,0,0,0,0,0,0,0,0,0,0,0
Sulfadoxine,PJSFRIWCGOHTNF-UHFFFAOYSA-N,PJSFRIWCGOHTNF,,,,Y,,Y,12,0,0,0,0,0,0,0,0,0,0,0,0,0
Sulfamethoxazole,JLKIGFTWXXRPMT-UHFFFAOYSA-N,JLKIGFTWXXRPMT,,,,Y,,Y,12,0,0,0,0,0,0,0,0,0,0,0,0,0
Sulfanilamide,FDDDEECHVMSUSB-UHFFFAOYSA-N,FDDDEECHVMSUSB,,,,Y,,Y,12,1,0,0,0,1,0,0,0,0,0,0,0,0
Sulfaphenazole,QWCJHSGMANYXCW-UHFFFAOYSA-N,QWCJHSGMANYXCW,,,,Y,,Y,12,0,0,0,0,0,0,0,0,0,0,0,0,0
sulfasalazine,NCEXYHBECQHGNR-UHFFFAOYSA-N,NCEXYHBECQHGNR,Y,Y,,,,Y,12,0,0,0,0,0,0,0,0,0,0,0,0,0
Sulfathiazole,JNMRHUJNCSQMMB-UHFFFAOYSA-N,JNMRHUJNCSQMMB,,,,Y,,Y,12,1,0,0,0,0,0,0,0,0,0,1,0,0
Sulfinpyrazone,MBGGBVCUIVRRBF-UHFFFAOYSA-N,MBGGBVCUIVRRBF,,,,Y,,Y,12,0,0,0,0,0,0,0,0,0,0,0,0,0
Sulfisoxazole,NHUHCSRWZMLRLA-UHFFFAOYSA-N,NHUHCSRWZMLRLA,,,,Y,,Y,12,2,0,1,0,0,1,0,0,0,0,0,0,0
sulindac,MLKXDPUZXIRXEP-MFOYZWKCSA-N,MLKXDPUZXIRXEP,Y,Y,,Y,Y,Y,12,2,0,0,1,0,0,0,0,1,0,0,0,0
sulpiride,BGRJTUBHPOOWDU-UHFFFAOYSA-N,BGRJTUBHPOOWDU,Y,Y,,Y,Y,Y,10,0,0,0,,0,0,0,0,0,0,0,,0
Sumatriptan,KQKPFRSPSRPDEB-UHFFFAOYSA-N,KQKPFRSPSRPDEB,,,,Y,,Y,11,0,0,0,0,0,0,0,0,0,0,0,,0
Suxamethonium Chloride,AXOIZCJOOAYSMI-UHFFFAOYSA-N,AXOIZCJOOAYSMI,,,,Y,,Y,12,0,0,0,0,0,0,0,0,0,0,0,0,0
tacrine,YLJREFDVOIBQDA-UHFFFAOYSA-N,YLJREFDVOIBQDA,Y,Y,,Y,Y,Y,12,2,0,0,1,0,1,0,0,0,0,0,0,0
Tacrolimus,QJJXYPPXXYFBGM-LFZNUXCKSA-N,QJJXYPPXXYFBGM,,,,Y,,Y,7,1,0,0,0,,0,0,,,,,1,0
tamoxifen,NKANXQFJJICGDU-QPLCGJKRSA-N,NKANXQFJJICGDU,Y,Y,,Y,Y,Y,8,3,0,0,0,1,1,1,0,,0,,,
tannic acid,LRBQNJMCXXYXIU-PPKXGCFTSA-N,LRBQNJMCXXYXIU,Y,Y,,,,Y,9,6,1,0,1,,0,0,,1,1,,1,1
Tazobactam,LPQZKKCYTLCDGQ-WEDXCCLWSA-N,LPQZKKCYTLCDGQ,,,,Y,,Y,7,0,0,0,0,0,0,,,,0,0,,
Tegafur,WFWLQNSHRPWKFK-UHFFFAOYSA-N,WFWLQNSHRPWKFK,,,,Y,,Y,12,0,0,0,0,0,0,0,0,0,0,0,0,0
Temafloxacin,QKDHBVNJCZBTMR-UHFFFAOYSA-N,QKDHBVNJCZBTMR,,,,Y,,Y,12,0,0,0,0,0,0,0,0,0,0,0,0,0
Tenidap,IZSFDUMVCVVWKW-UHFFFAOYSA-N,IZSFDUMVCVVWKW,,,,Y,,Y,6,3,0,,1,,,0,,,,0,1,1
Terazosin,VCKUSRYTPJJLNI-UHFFFAOYSA-N,VCKUSRYTPJJLNI,,,,Y,,Y,11,0,0,0,0,0,0,0,0,0,0,0,,0
terbinafine,DOMXUEMWDBAQBQ-WEVVVXLNSA-N,DOMXUEMWDBAQBQ,Y,Y,,Y,Y,Y,11,0,0,0,0,0,0,0,0,,0,0,0,0
Terbutaline,XWTYSIMOBUGWOL-UHFFFAOYSA-N,XWTYSIMOBUGWOL,,,,Y,,Y,12,0,0,0,0,0,0,0,0,0,0,0,0,0
Terfenadine,GUGOEEXESWIERI-UHFFFAOYSA-N,GUGOEEXESWIERI,,,,Y,,Y,8,0,0,0,0,0,0,0,0,,0,,,
Testosterone,MUMGGOZAMZWBJJ-DYKIIFRCSA-N,MUMGGOZAMZWBJJ,,,,Y,,Y,9,4,1,1,0,,1,1,0,,0,,0,0
Tetracaine,GKCBAIGFKIBETG-UHFFFAOYSA-N,GKCBAIGFKIBETG,,,,Y,,Y,10,0,0,0,,,0,0,0,0,0,0,0,0
Thalidomide,UEJJHQNACJXSKW-UHFFFAOYSA-N,UEJJHQNACJXSKW,,,,Y,,Y,12,0,0,0,0,0,0,0,0,0,0,0,0,0
theophylline,ZFXYFBGIUFBOJW-UHFFFAOYSA-N,ZFXYFBGIUFBOJW,Y,Y,,Y,Y,Y,12,1,0,0,0,0,1,0,0,0,0,0,0,0
Thiabendazole,WJCNZQLZVWNLKY-UHFFFAOYSA-N,WJCNZQLZVWNLKY,,,,Y,,Y,11,3,0,0,1,,1,0,0,0,1,0,0,0
Thiamphenicol,OTVAEFIXJLOWRX-NXEZZACHSA-N,OTVAEFIXJLOWRX,,,,Y,,Y,12,0,0,0,0,0,0,0,0,0,0,0,0,0
Thimerosal,HXQVQGWHFRNKMS-UHFFFAOYSA-M,HXQVQGWHFRNKMS,,,,Y,,Y,8,7,0,1,,,,1,1,1,1,1,,1
thioacetamide,YUKQRDCYNOVPGJ-UHFFFAOYSA-N,YUKQRDCYNOVPGJ,Y,Y,Y,Y,Y,Y,11,0,0,0,,0,0,0,0,0,0,0,0,0
Thioguanine,WYWHKKSPHMUBEB-UHFFFAOYSA-N,WYWHKKSPHMUBEB,,,,Y,,Y,12,6,0,0,1,1,1,1,0,1,0,0,0,1
thioridazine,KLBQZWRITKRQQV-UHFFFAOYSA-N,KLBQZWRITKRQQV,Y,Y,,Y,Y,Y,5,0,0,0,0,,,0,,,,0,,
Tiapride,JTVPZMFULRWINT-UHFFFAOYSA-N,JTVPZMFULRWINT,,,,Y,,Y,12,0,0,0,0,0,0,0,0,0,0,0,0,0
ticlopidine,PHWBOXQYWZNQIN-UHFFFAOYSA-N,PHWBOXQYWZNQIN,Y,Y,,Y,Y,Y,11,2,0,0,0,0,1,1,0,0,0,0,,0
Ticrynafen,AGHANLSBXUWXTB-UHFFFAOYSA-N,AGHANLSBXUWXTB,,,,Y,,Y,10,0,0,0,0,0,0,0,0,,0,,0,0
Timolol,BLJRIMJGRPQVNF-JTQLQIEISA-N,BLJRIMJGRPQVNF,,,,Y,,Y,12,0,0,0,0,0,0,0,0,0,0,0,0,0
Tinidazole,HJLSLZFTEKNLFI-UHFFFAOYSA-N,HJLSLZFTEKNLFI,,,,Y,,Y,12,2,0,0,0,0,1,1,0,0,0,0,0,0
tiopronin,YTGJWQPHMWSCST-UHFFFAOYSA-N,YTGJWQPHMWSCST,Y,Y,,,,Y,12,0,0,0,0,0,0,0,0,0,0,0,0,0
Tobramycin,NLVFBUXFDBBNBW-PBSUHMDJSA-N,NLVFBUXFDBBNBW,,,,Y,,Y,10,0,0,0,0,0,0,0,0,,0,,0,0
Tocainide,BUJAGSGYPOAWEI-UHFFFAOYSA-N,BUJAGSGYPOAWEI,,,,Y,,Y,12,0,0,0,0,0,0,0,0,0,0,0,0,0
Tolazamide,OUDSBRTVNLOZBN-UHFFFAOYSA-N,OUDSBRTVNLOZBN,,,,Y,,Y,12,1,0,0,0,0,1,0,0,0,0,0,0,0
tolbutamide,JLRGJRBPOGGCBT-UHFFFAOYSA-N,JLRGJRBPOGGCBT,Y,Y,,,,Y,12,0,0,0,0,0,0,0,0,0,0,0,0,0
Torsemide,NGBFQHCMQULJNZ-UHFFFAOYSA-N,NGBFQHCMQULJNZ,,,,Y,,Y,11,0,0,0,0,0,0,0,,0,0,0,0,0
Tosufloxacin,WUWFMDMBOJLQIV-UHFFFAOYSA-N,WUWFMDMBOJLQIV,,,,Y,,Y,10,2,0,1,,0,0,0,,1,0,0,0,0
Tramadol,TVYLLZQTGLZFBW-ZBFHGGJFSA-N,TVYLLZQTGLZFBW,,,,Y,,Y,12,0,0,0,0,0,0,0,0,0,0,0,0,0
Tranexamic Acid,GYDJEQRTZSCIOI-UHFFFAOYSA-N,GYDJEQRTZSCIOI,,,,Y,,Y,10,0,0,0,0,0,0,0,0,,0,,0,0
Tranilast,NZHGWWWHIYHZNX-CSKARUKUSA-N,NZHGWWWHIYHZNX,,,,Y,,Y,5,1,0,,,,0,0,,,1,,,0
Triacetin,URAYPUMNDPQOKB-UHFFFAOYSA-N,URAYPUMNDPQOKB,,,,Y,,Y,12,2,0,0,1,0,1,0,0,0,0,0,0,0
triamterene,FNYLWPVRPXGIIP-UHFFFAOYSA-N,FNYLWPVRPXGIIP,Y,Y,Y,Y,Y,Y,6,4,0,,1,,1,,,,1,,0,1
triazolam,JOFWLTCLBGQGBO-UHFFFAOYSA-N,JOFWLTCLBGQGBO,Y,Y,,,,Y,9,0,0,0,0,0,,0,0,,0,,0,0
Trichloroacetic Acid,YNJBWRMUSHSURL-UHFFFAOYSA-N,YNJBWRMUSHSURL,,,,Y,,Y,12,0,0,0,0,0,0,0,0,0,0,0,0,0
Trichloroethane,UOCLXMDMGBRAIB-UHFFFAOYSA-N,UOCLXMDMGBRAIB,,,,Y,,Y,12,0,0,0,0,0,0,0,0,0,0,0,0,0
Trichloroethylene,XSTXAVWGXDQKEL-UHFFFAOYSA-N,XSTXAVWGXDQKEL,,,,Y,,Y,11,0,0,0,0,0,0,0,0,0,0,0,,0
Trihexyphenidyl,HWHLPVGTWGOCJO-UHFFFAOYSA-N,HWHLPVGTWGOCJO,,,,Y,,Y,11,0,0,0,0,0,0,0,0,0,0,0,,0
trimethadione,IRYJRGCIQBGHIV-UHFFFAOYSA-N,IRYJRGCIQBGHIV,Y,Y,,Y,Y,Y,12,0,0,0,0,0,0,0,0,0,0,0,0,0
Troglitazone,GXPHKUHSUJUWKP-UHFFFAOYSA-N,GXPHKUHSUJUWKP,,,,Y,,Y,10,5,0,0,0,,,0,1,1,0,1,1,1
Tropisetron,ZNRGQMMCGHDTEI-FUNVUKJBSA-N,ZNRGQMMCGHDTEI,,,,Y,,Y,12,0,0,0,0,0,0,0,0,0,0,0,0,0
Trovafloxacin,WVPSKSLAZQPAKQ-SOSAQKQKSA-N,WVPSKSLAZQPAKQ,,,,Y,,Y,9,5,0,1,0,1,,,1,1,0,0,,1
Troxipide,YSIITVVESCNIPR-UHFFFAOYSA-N,YSIITVVESCNIPR,,,,Y,,Y,12,0,0,0,0,0,0,0,0,0,0,0,0,0
Ubenimex,VGGGPCQERPFHOB-RDBSUJKOSA-N,VGGGPCQERPFHOB,,,,Y,,Y,10,1,1,0,0,0,0,0,0,,0,,0,0
Urethane,JOYRKODLDBILNP-UHFFFAOYSA-N,JOYRKODLDBILNP,,,,Y,,Y,12,0,0,0,0,0,0,0,0,0,0,0,0,0
Valacyclovir,HDOVUKNUBWVHOX-QMMMGPOBSA-N,HDOVUKNUBWVHOX,,,,Y,,Y,12,0,0,0,0,0,0,0,0,0,0,0,0,0
Valdecoxib,LNPDTQAFDNKSHK-UHFFFAOYSA-N,LNPDTQAFDNKSHK,,,,Y,,Y,10,0,0,,0,0,0,0,0,0,0,0,,0
valproic acid,NIJJYAXOARWZEE-UHFFFAOYSA-N,NIJJYAXOARWZEE,Y,Y,Y,Y,Y,Y,12,0,0,0,0,0,0,0,0,0,0,0,0,0
Valsartan,ACWBQPMHZXGDFX-QFIPXVFZSA-N,ACWBQPMHZXGDFX,,,,Y,,Y,10,0,0,0,0,0,0,0,0,,0,,0,0
Vancomycin,MYPYJXKWCTUITO-LYRMYLQWSA-N,MYPYJXKWCTUITO,,,,Y,,Y,10,1,1,0,0,0,0,0,0,,0,,0,0
Vecuronium Bromide,BGSZAXLLHYERSY-XQIGCQGXSA-N,BGSZAXLLHYERSY,,,,Y,,Y,11,1,0,0,0,0,1,0,0,,0,0,0,0
venlafaxine,PNVNVHUZROJLTJ-UHFFFAOYSA-N,PNVNVHUZROJLTJ,Y,,,Y,Y,Y,12,0,0,0,0,0,0,0,0,0,0,0,0,0
Verapamil,SGTNSNPWRIOYBX-UHFFFAOYSA-N,SGTNSNPWRIOYBX,,,,Y,,Y,9,0,0,0,0,0,,0,,0,0,0,,0
Vinblastine,JXLYSJRDGCGARV-CFWMRBGOSA-N,JXLYSJRDGCGARV,,,,Y,,Y,7,5,0,,0,,,,,1,1,1,1,1
Vincristine,OGWKCGZFUXNPDA-XQKSVPLYSA-N,OGWKCGZFUXNPDA,,,,Y,,Y,4,1,0,,,0,,,,,1,0,,
Vinorelbine,GBABOYUKABKIAF-IELIFDKJSA-N,GBABOYUKABKIAF,,,,Y,,Y,1,0,,,,,,,,,,0,,
vitamin A,FPIPGXGPPPQFEQ-OVSJKPMPSA-N,FPIPGXGPPPQFEQ,Y,Y,,,,Y,12,4,0,0,0,1,0,0,0,1,0,1,1,0
Warfarin,PJVWKTKQMONHTI-UHFFFAOYSA-N,PJVWKTKQMONHTI,,,,Y,,Y,12,2,0,0,0,0,0,0,1,0,0,0,1,0
WY-14643,SZRPDCCEHVWOJX-UHFFFAOYSA-N,SZRPDCCEHVWOJX,Y,Y,,Y,Y,Y,10,1,0,,0,0,0,0,1,,0,0,0,0
Zaleplon,HUNXMJYCHXQEGX-UHFFFAOYSA-N,HUNXMJYCHXQEGX,,,,Y,,Y,11,0,0,0,0,,0,0,0,0,0,0,0,0
Zidovudine,HBOMLICNUCNMMY-XLPZGREQSA-N,HBOMLICNUCNMMY,,,,Y,,Y,12,1,0,0,0,0,1,0,0,0,0,0,0,0
Zileuton,MWLSOWXNZPKENC-UHFFFAOYSA-N,MWLSOWXNZPKENC,,,,Y,,Y,11,1,0,0,,0,0,0,1,0,0,0,0,0
Zomepirac,ZXVNMYWKKDOREA-UHFFFAOYSA-N,ZXVNMYWKKDOREA,,,,Y,,Y,12,2,1,0,0,0,0,0,0,1,0,0,0,0
Zopiclone,GBBSUAFBMRNDJC-UHFFFAOYSA-N,GBBSUAFBMRNDJC,,,,Y,,Y,11,0,0,0,0,0,0,0,0,0,0,0,,0
"2''-Beta-Fluoro-2'',3''-Deoxyadenosine",ZGYYPTJWJBEXBC-QYYRPYCUSA-N,ZGYYPTJWJBEXBC,,,,Y,,,,,,,,,,,,,,,,
6-Methoxy-2-Naphthylacetic Acid,PHJFLPMVEFKEPL-UHFFFAOYSA-N,PHJFLPMVEFKEPL,,,,Y,,,,,,,,,,,,,,,,
acarbose,CEMXHAPUFJOOSV-XGWNLRGSSA-N,CEMXHAPUFJOOSV,Y,Y,,Y,Y,,,,,,,,,,,,,,,
aflatoxin B1,OQIQSTLJSLGHID-WNWIJWBNSA-N,OQIQSTLJSLGHID,Y,Y,,Y,Y,,,,,,,,,,,,,,,
Aldosterone,PQSUYGKTWSAVDQ-ZVIOFETBSA-N,PQSUYGKTWSAVDQ,,,,Y,,,,,,,,,,,,,,,,
Alfacalcidol,OFHCOWSQAMBJIW-AVJTYSNKSA-N,OFHCOWSQAMBJIW,,,,Y,,,,,,,,,,,,,,,,
Allylamine,VVJKKWFAADXIJK-UHFFFAOYSA-N,VVJKKWFAADXIJK,,,,Y,,,,,,,,,,,,,,,,
Alpha-Naphthoflavone,VFMMPHCGEFXGIP-UHFFFAOYSA-N,VFMMPHCGEFXGIP,,,,Y,,,,,,,,,,,,,,,,
Angiotensin Ii Human,CZGUSIXMZVURDU-JZXHSEFVSA-N,CZGUSIXMZVURDU,,,,Y,,,,,,,,,,,,,,,,
Azauridine,WYXSYVWAUAUWLD-SHUUEZRQSA-N,WYXSYVWAUAUWLD,,,,Y,,,,,,,,,,,,,,,,
Benoxaprofen,MITFXPHMIHQXPI-UHFFFAOYSA-N,MITFXPHMIHQXPI,,,,Y,,,,,,,,,,,,,,,,
Bleomycin A2,OYVAGSVQBOHSSS-UAPAGMARSA-O,OYVAGSVQBOHSSS,,,,Y,,,,,,,,,,,,,,,,
bromoethylamine,IZQAUUVBKYXMET-UHFFFAOYSA-N,IZQAUUVBKYXMET,Y,Y,Y,,,,,,,,,,,,,,,,,
buthionine sulfoximine,KJQFBVYMGADDTQ-UHFFFAOYSA-N,KJQFBVYMGADDTQ,Y,Y,,,,,,,,,,,,,,,,,,
Bw-723C86,ALFGDCNSEBJYSP-UHFFFAOYSA-N,ALFGDCNSEBJYSP,,,,Y,,,,,,,,,,,,,,,,
Camptothecin,VSJKWCGYPAHWDS-FQEVSTJZSA-N,VSJKWCGYPAHWDS,,,,Y,,,,,,,,,,,,,,,,
Chlordiazepoxide,BUCORZSTKDOEKQ-UHFFFAOYSA-N,BUCORZSTKDOEKQ,,,,Y,,,,,,,,,,,,,,,,
Chlortetracycline,DHPRQBPJLMKORJ-XRNKAMNCSA-N,DHPRQBPJLMKORJ,,,,Y,,,,,,,,,,,,,,,,
Clonazepam,DGBIGWXXNGSACT-UHFFFAOYSA-N,DGBIGWXXNGSACT,,,,Y,,,,,,,,,,,,,,,,
Colistin,YKQOSKADJPQZHB-QNPLFGSASA-N,YKQOSKADJPQZHB,,,,Y,,,,,,,,,,,,,,,,
Cyclandelate,WZHCOOQXZCIUNC-UHFFFAOYSA-N,WZHCOOQXZCIUNC,,,,Y,,,,,,,,,,,,,,,,
Cyclopropane Carboxylic Acid,YMGUBTXCNDTFJI-UHFFFAOYSA-N,YMGUBTXCNDTFJI,,,,Y,,,,,,,,,,,,,,,,
Diisopropyl Fluorophosphate,MUCZHBLJLSDCSD-UHFFFAOYSA-N,MUCZHBLJLSDCSD,,,,Y,,,,,,,,,,,,,,,,
Doxycycline,SGKRLCUYIXIAHR-AKNGSSGZSA-N,SGKRLCUYIXIAHR,,,,Y,,,,,,,,,,,,,,,,
ethionine,GGLZPLKKBSSKCX-YFKPBYRVSA-N,GGLZPLKKBSSKCX,Y,Y,Y,,,,,,,,,,,,,,,,,
Ferrocene,HPYIUKIBUJFXII-UHFFFAOYSA-N,HPYIUKIBUJFXII,,,,Y,,,,,,,,,,,,,,,,
Ferulic Acid,KSEBMYQBYZTDHS-HWKANZROSA-N,KSEBMYQBYZTDHS,,,,Y,,,,,,,,,,,,,,,,
Flubendazole,CPEUVMUXAHMANV-UHFFFAOYSA-N,CPEUVMUXAHMANV,,,,Y,,,,,,,,,,,,,,,,
Fludrocortisone Acetate,SYWHXTATXSMDSB-GSLJADNHSA-N,SYWHXTATXSMDSB,,,,Y,,,,,,,,,,,,,,,,
gentamicin,CEAZRRDELHUEMR-UHFFFAOYSA-N,CEAZRRDELHUEMR,Y,Y,Y,Y,Y,,,,,,,,,,,,,,,
Harringtonine,HAVJATCHLFRDHY-KSZYUSJVSA-N,HAVJATCHLFRDHY,,,,Y,,,,,,,,,,,,,,,,
Insulin,YAJCHEVQCOHZDC-QMMNLEPNSA-N,YAJCHEVQCOHZDC,,,,Y,,,,,,,,,,,,,,,,
Levodopa,WTDRDQBEARUVNC-LURJTMIESA-N,WTDRDQBEARUVNC,,,,Y,,,,,,,,,,,,,,,,
lornoxicam,WLHQHAUOOXYABV-UHFFFAOYSA-N,WLHQHAUOOXYABV,Y,Y,,,,,,,,,,,,,,,,,,
Mercuric Chloride,LWJROJCJINYWOX-UHFFFAOYSA-L,LWJROJCJINYWOX,,,,Y,,,,,,,,,,,,,,,,
methylene dianiline,OHQOKJPHNPUMLN-UHFFFAOYSA-N,OHQOKJPHNPUMLN,Y,Y,,,,,,,,,,,,,,,,,,
Minoxidil,ZIMGGGWCDYVHOY-UHFFFAOYSA-N,ZIMGGGWCDYVHOY,,,,Y,,,,,,,,,,,,,,,,
Myrtecaine,BZRYYBWNOUALTQ-HOTGVXAUSA-N,BZRYYBWNOUALTQ,,,,Y,,,,,,,,,,,,,,,,
"N,N''-Diphenyl-P-Phenylenediamine",UTGQNNCQYDRXCH-UHFFFAOYSA-N,UTGQNNCQYDRXCH,,,,Y,,,,,,,,,,,,,,,,
naphthyl isothiocyanate,JBDOSUUXMYMWQH-UHFFFAOYSA-N,JBDOSUUXMYMWQH,Y,Y,,Y,Y,,,,,,,,,,,,,,,
Neomycin,PGBHMTALBVVCIT-VCIWKGPPSA-N,PGBHMTALBVVCIT,,,,Y,,,,,,,,,,,,,,,,
Oxytetracycline,OWFJMIVZYSDULZ-PXOLEDIWSA-N,OWFJMIVZYSDULZ,,,,Y,,,,,,,,,,,,,,,,
penicillamine,VVNCNSJFMMFHPL-VKHMYHEASA-N,VVNCNSJFMMFHPL,Y,Y,,Y,Y,,,,,,,,,,,,,,,
phalloidin,KPKZJLCSROULON-QKGLWVMZSA-N,KPKZJLCSROULON,Y,Y,,,,,,,,,,,,,,,,,,
phenylanthranilic acid,ZWJINEZUASEZBH-UHFFFAOYSA-N,ZWJINEZUASEZBH,Y,Y,Y,,,,,,,,,,,,,,,,,
Piclamilast,RRRUXBQSQLKHEL-UHFFFAOYSA-N,RRRUXBQSQLKHEL,,,,Y,,,,,,,,,,,,,,,,
puromycin aminonucleoside,RYSMHWILUNYBFW-GRIPGOBMSA-N,RYSMHWILUNYBFW,Y,Y,Y,,,,,,,,,,,,,,,,,
Rifabutin,AZFBLLCNOQPJGJ-VXTBVIBXSA-N,AZFBLLCNOQPJGJ,,,,Y,,,,,,,,,,,,,,,,
Roflumilast,MNDBXUUTURYVHR-UHFFFAOYSA-N,MNDBXUUTURYVHR,,,,Y,,,,,,,,,,,,,,,,
S(-)-Carbidopa,TZFNLOMSOLWIDK-JTQLQIEISA-N,TZFNLOMSOLWIDK,,,,Y,,,,,,,,,,,,,,,,
Sch-351591,NPGREARFJMFTDF-UHFFFAOYSA-N,NPGREARFJMFTDF,,,,Y,,,,,,,,,,,,,,,,
Sodium Arsenite,XHTRYVMKFMUJLU-UHFFFAOYSA-N,XHTRYVMKFMUJLU,,,,Y,,,,,,,,,,,,,,,,
Sodium Nitroprusside,KEJOCWOXCDWNID-UHFFFAOYSA-N,KEJOCWOXCDWNID,,,,Y,,,,,,,,,,,,,,,,
Sodium Orthovanadate,HUPKXGGEAYDGKT-UHFFFAOYSA-N,HUPKXGGEAYDGKT,,,,Y,,,,,,,,,,,,,,,,
Sodium Selenate,QYHFIVBSNOWOCQ-UHFFFAOYSA-N,QYHFIVBSNOWOCQ,,,,Y,,,,,,,,,,,,,,,,
Stannous Fluoride,IUTCEZPPWBHGIX-UHFFFAOYSA-N,IUTCEZPPWBHGIX,,,,Y,,,,,,,,,,,,,,,,
Stanozolol,LKAJKIOFIWVMDJ-IYRCEVNGSA-N,LKAJKIOFIWVMDJ,,,,Y,,,,,,,,,,,,,,,,
Teicoplanin,BJNLLBUOHPVGFT-CAYRISATSA-N,BJNLLBUOHPVGFT,,,,Y,,,,,,,,,,,,,,,,
tetracycline,NWXMGUDVXFXRIG-WESIUVDSSA-N,NWXMGUDVXFXRIG,Y,Y,,Y,Y,,,,,,,,,,,,,,,
