COMPOUND_NAME,COMPOUND_ABBREVIATION,COMPOUND_NO,Human - in vitro,Rat - in vitro,Rat - in vivo - Liver - Single,Rat - in vivo - Liver - Repeat,Rat - in vivo - Kidney - Single,Rat - in vivo - Kidney - Repeat
1% cholesterol + 0.25% sodium cholate,CH+DS-Na,00161,,,,ftp://ftp.biosciencedbc.jp/archive/open-tggates/LATEST/Rat/in_vivo/Liver/Repeat/1%25_cholesterol_%2B_0.25%25_sodium_cholate.Rat.in_vivo.Liver.Repeat.zip,,
"2,4-dinitrophenol",DNP,00154,ftp://ftp.biosciencedbc.jp/archive/open-tggates/LATEST/Human/in_vitro/2%2C4-dinitrophenol.Human.in_vitro.Liver.zip,,ftp://ftp.biosciencedbc.jp/archive/open-tggates/LATEST/Rat/in_vivo/Liver/Single/2%2C4-dinitrophenol.Rat.in_vivo.Liver.Single.zip,ftp://ftp.biosciencedbc.jp/archive/open-tggates/LATEST/Rat/in_vivo/Liver/Repeat/2%2C4-dinitrophenol.Rat.in_vivo.Liver.Repeat.zip,,
2-nitrofluorene,2NF,00160,ftp://ftp.biosciencedbc.jp/archive/open-tggates/LATEST/Human/in_vitro/2-nitrofluorene.Human.in_vitro.Liver.zip,,ftp://ftp.biosciencedbc.jp/archive/open-tggates/LATEST/Rat/in_vivo/Liver/Single/2-nitrofluorene.Rat.in_vivo.Liver.Single.zip,,,
3-methylcholanthrene,3-MC,00166,,,ftp://ftp.biosciencedbc.jp/archive/open-tggates/LATEST/Rat/in_vivo/Liver/Single/3-methylcholanthrene.Rat.in_vivo.Liver.Single.zip,,,
acarbose,ACA,00116,ftp://ftp.biosciencedbc.jp/archive/open-tggates/LATEST/Human/in_vitro/acarbose.Human.in_vitro.Liver.zip,ftp://ftp.biosciencedbc.jp/archive/open-tggates/LATEST/Rat/in_vitro/acarbose.Rat.in_vitro.Liver.zip,ftp://ftp.biosciencedbc.jp/archive/open-tggates/LATEST/Rat/in_vivo/Liver/Single/acarbose.Rat.in_vivo.Liver.Single.zip,ftp://ftp.biosciencedbc.jp/archive/open-tggates/LATEST/Rat/in_vivo/Liver/Repeat/acarbose.Rat.in_vivo.Liver.Repeat.zip,,
acetamide,AAA,00169,ftp://ftp.biosciencedbc.jp/archive/open-tggates/LATEST/Human/in_vitro/acetamide.Human.in_vitro.Liver.zip,,,ftp://ftp.biosciencedbc.jp/archive/open-tggates/LATEST/Rat/in_vivo/Liver/Repeat/acetamide.Rat.in_vivo.Liver.Repeat.zip,,
acetamidofluorene,AAF,00144,ftp://ftp.biosciencedbc.jp/archive/open-tggates/LATEST/Human/in_vitro/acetamidofluorene.Human.in_vitro.Liver.zip,ftp://ftp.biosciencedbc.jp/archive/open-tggates/LATEST/Rat/in_vitro/acetamidofluorene.Rat.in_vitro.Liver.zip,ftp://ftp.biosciencedbc.jp/archive/open-tggates/LATEST/Rat/in_vivo/Liver/Single/acetamidofluorene.Rat.in_vivo.Liver.Single.zip,ftp://ftp.biosciencedbc.jp/archive/open-tggates/LATEST/Rat/in_vivo/Liver/Repeat/acetamidofluorene.Rat.in_vivo.Liver.Repeat.zip,,
acetaminophen,APAP,00001,ftp://ftp.biosciencedbc.jp/archive/open-tggates/LATEST/Human/in_vitro/acetaminophen.Human.in_vitro.Liver.zip,ftp://ftp.biosciencedbc.jp/archive/open-tggates/LATEST/Rat/in_vitro/acetaminophen.Rat.in_vitro.Liver.zip,ftp://ftp.biosciencedbc.jp/archive/open-tggates/LATEST/Rat/in_vivo/Liver/Single/acetaminophen.Rat.in_vivo.Liver.Single.zip,ftp://ftp.biosciencedbc.jp/archive/open-tggates/LATEST/Rat/in_vivo/Liver/Repeat/acetaminophen.Rat.in_vivo.Liver.Repeat.zip,ftp://ftp.biosciencedbc.jp/archive/open-tggates/LATEST/Rat/in_vivo/Kidney/Single/acetaminophen.Rat.in_vivo.Kidney.Single.zip,ftp://ftp.biosciencedbc.jp/archive/open-tggates/LATEST/Rat/in_vivo/Kidney/Repeat/acetaminophen.Rat.in_vivo.Kidney.Repeat.zip
acetazolamide,ACZ,00108,ftp://ftp.biosciencedbc.jp/archive/open-tggates/LATEST/Human/in_vitro/acetazolamide.Human.in_vitro.Liver.zip,ftp://ftp.biosciencedbc.jp/archive/open-tggates/LATEST/Rat/in_vitro/acetazolamide.Rat.in_vitro.Liver.zip,ftp://ftp.biosciencedbc.jp/archive/open-tggates/LATEST/Rat/in_vivo/Liver/Single/acetazolamide.Rat.in_vivo.Liver.Single.zip,ftp://ftp.biosciencedbc.jp/archive/open-tggates/LATEST/Rat/in_vivo/Liver/Repeat/acetazolamide.Rat.in_vivo.Liver.Repeat.zip,ftp://ftp.biosciencedbc.jp/archive/open-tggates/LATEST/Rat/in_vivo/Kidney/Single/acetazolamide.Rat.in_vivo.Kidney.Single.zip,ftp://ftp.biosciencedbc.jp/archive/open-tggates/LATEST/Rat/in_vivo/Kidney/Repeat/acetazolamide.Rat.in_vivo.Kidney.Repeat.zip
adapin,ADP,00039,ftp://ftp.biosciencedbc.jp/archive/open-tggates/LATEST/Human/in_vitro/adapin.Human.in_vitro.Liver.zip,ftp://ftp.biosciencedbc.jp/archive/open-tggates/LATEST/Rat/in_vitro/adapin.Rat.in_vitro.Liver.zip,ftp://ftp.biosciencedbc.jp/archive/open-tggates/LATEST/Rat/in_vivo/Liver/Single/adapin.Rat.in_vivo.Liver.Single.zip,ftp://ftp.biosciencedbc.jp/archive/open-tggates/LATEST/Rat/in_vivo/Liver/Repeat/adapin.Rat.in_vivo.Liver.Repeat.zip,,
aflatoxin B1,AFB1,00165,ftp://ftp.biosciencedbc.jp/archive/open-tggates/LATEST/Human/in_vitro/aflatoxin_B1.Human.in_vitro.Liver.zip,,ftp://ftp.biosciencedbc.jp/archive/open-tggates/LATEST/Rat/in_vivo/Liver/Single/aflatoxin_B1.Rat.in_vivo.Liver.Single.zip,,,
ajmaline,AJM,00118,ftp://ftp.biosciencedbc.jp/archive/open-tggates/LATEST/Human/in_vitro/ajmaline.Human.in_vitro.Liver.zip,ftp://ftp.biosciencedbc.jp/archive/open-tggates/LATEST/Rat/in_vitro/ajmaline.Rat.in_vitro.Liver.zip,ftp://ftp.biosciencedbc.jp/archive/open-tggates/LATEST/Rat/in_vivo/Liver/Single/ajmaline.Rat.in_vivo.Liver.Single.zip,ftp://ftp.biosciencedbc.jp/archive/open-tggates/LATEST/Rat/in_vivo/Liver/Repeat/ajmaline.Rat.in_vivo.Liver.Repeat.zip,,
allopurinol,APL,00028,ftp://ftp.biosciencedbc.jp/archive/open-tggates/LATEST/Human/in_vitro/allopurinol.Human.in_vitro.Liver.zip,ftp://ftp.biosciencedbc.jp/archive/open-tggates/LATEST/Rat/in_vitro/allopurinol.Rat.in_vitro.Liver.zip,ftp://ftp.biosciencedbc.jp/archive/open-tggates/LATEST/Rat/in_vivo/Liver/Single/allopurinol.Rat.in_vivo.Liver.Single.zip,ftp://ftp.biosciencedbc.jp/archive/open-tggates/LATEST/Rat/in_vivo/Liver/Repeat/allopurinol.Rat.in_vivo.Liver.Repeat.zip,ftp://ftp.biosciencedbc.jp/archive/open-tggates/LATEST/Rat/in_vivo/Kidney/Single/allopurinol.Rat.in_vivo.Kidney.Single.zip,ftp://ftp.biosciencedbc.jp/archive/open-tggates/LATEST/Rat/in_vivo/Kidney/Repeat/allopurinol.Rat.in_vivo.Kidney.Repeat.zip
allyl alcohol,AA,00010,ftp://ftp.biosciencedbc.jp/archive/open-tggates/LATEST/Human/in_vitro/allyl_alcohol.Human.in_vitro.Liver.zip,ftp://ftp.biosciencedbc.jp/archive/open-tggates/LATEST/Rat/in_vitro/allyl_alcohol.Rat.in_vitro.Liver.zip,ftp://ftp.biosciencedbc.jp/archive/open-tggates/LATEST/Rat/in_vivo/Liver/Single/allyl_alcohol.Rat.in_vivo.Liver.Single.zip,ftp://ftp.biosciencedbc.jp/archive/open-tggates/LATEST/Rat/in_vivo/Liver/Repeat/allyl_alcohol.Rat.in_vivo.Liver.Repeat.zip,ftp://ftp.biosciencedbc.jp/archive/open-tggates/LATEST/Rat/in_vivo/Kidney/Single/allyl_alcohol.Rat.in_vivo.Kidney.Single.zip,ftp://ftp.biosciencedbc.jp/archive/open-tggates/LATEST/Rat/in_vivo/Kidney/Repeat/allyl_alcohol.Rat.in_vivo.Kidney.Repeat.zip
alpidem,ADM,00171,ftp://ftp.biosciencedbc.jp/archive/open-tggates/LATEST/Human/in_vitro/alpidem.Human.in_vitro.Liver.zip,ftp://ftp.biosciencedbc.jp/archive/open-tggates/LATEST/Rat/in_vitro/alpidem.Rat.in_vitro.Liver.zip,,,,
amiodarone,AM,00033,ftp://ftp.biosciencedbc.jp/archive/open-tggates/LATEST/Human/in_vitro/amiodarone.Human.in_vitro.Liver.zip,ftp://ftp.biosciencedbc.jp/archive/open-tggates/LATEST/Rat/in_vitro/amiodarone.Rat.in_vitro.Liver.zip,ftp://ftp.biosciencedbc.jp/archive/open-tggates/LATEST/Rat/in_vivo/Liver/Single/amiodarone.Rat.in_vivo.Liver.Single.zip,ftp://ftp.biosciencedbc.jp/archive/open-tggates/LATEST/Rat/in_vivo/Liver/Repeat/amiodarone.Rat.in_vivo.Liver.Repeat.zip,,
amitriptyline,AMT,00070,ftp://ftp.biosciencedbc.jp/archive/open-tggates/LATEST/Human/in_vitro/amitriptyline.Human.in_vitro.Liver.zip,ftp://ftp.biosciencedbc.jp/archive/open-tggates/LATEST/Rat/in_vitro/amitriptyline.Rat.in_vitro.Liver.zip,ftp://ftp.biosciencedbc.jp/archive/open-tggates/LATEST/Rat/in_vivo/Liver/Single/amitriptyline.Rat.in_vivo.Liver.Single.zip,ftp://ftp.biosciencedbc.jp/archive/open-tggates/LATEST/Rat/in_vivo/Liver/Repeat/amitriptyline.Rat.in_vivo.Liver.Repeat.zip,,
amphotericin B,AMB,00157,ftp://ftp.biosciencedbc.jp/archive/open-tggates/LATEST/Human/in_vitro/amphotericin_B.Human.in_vitro.Liver.zip,,ftp://ftp.biosciencedbc.jp/archive/open-tggates/LATEST/Rat/in_vivo/Liver/Single/amphotericin_B.Rat.in_vivo.Liver.Single.zip,ftp://ftp.biosciencedbc.jp/archive/open-tggates/LATEST/Rat/in_vivo/Liver/Repeat/amphotericin_B.Rat.in_vivo.Liver.Repeat.zip,ftp://ftp.biosciencedbc.jp/archive/open-tggates/LATEST/Rat/in_vivo/Kidney/Single/amphotericin_B.Rat.in_vivo.Kidney.Single.zip,ftp://ftp.biosciencedbc.jp/archive/open-tggates/LATEST/Rat/in_vivo/Kidney/Repeat/amphotericin_B.Rat.in_vivo.Kidney.Repeat.zip
aspirin,ASA,00014,ftp://ftp.biosciencedbc.jp/archive/open-tggates/LATEST/Human/in_vitro/aspirin.Human.in_vitro.Liver.zip,ftp://ftp.biosciencedbc.jp/archive/open-tggates/LATEST/Rat/in_vitro/aspirin.Rat.in_vitro.Liver.zip,ftp://ftp.biosciencedbc.jp/archive/open-tggates/LATEST/Rat/in_vivo/Liver/Single/aspirin.Rat.in_vivo.Liver.Single.zip,ftp://ftp.biosciencedbc.jp/archive/open-tggates/LATEST/Rat/in_vivo/Liver/Repeat/aspirin.Rat.in_vivo.Liver.Repeat.zip,,
azathioprine,AZP,00046,ftp://ftp.biosciencedbc.jp/archive/open-tggates/LATEST/Human/in_vitro/azathioprine.Human.in_vitro.Liver.zip,ftp://ftp.biosciencedbc.jp/archive/open-tggates/LATEST/Rat/in_vitro/azathioprine.Rat.in_vitro.Liver.zip,ftp://ftp.biosciencedbc.jp/archive/open-tggates/LATEST/Rat/in_vivo/Liver/Single/azathioprine.Rat.in_vivo.Liver.Single.zip,ftp://ftp.biosciencedbc.jp/archive/open-tggates/LATEST/Rat/in_vivo/Liver/Repeat/azathioprine.Rat.in_vivo.Liver.Repeat.zip,,
bendazac,BDZ,00129,ftp://ftp.biosciencedbc.jp/archive/open-tggates/LATEST/Human/in_vitro/bendazac.Human.in_vitro.Liver.zip,ftp://ftp.biosciencedbc.jp/archive/open-tggates/LATEST/Rat/in_vitro/bendazac.Rat.in_vitro.Liver.zip,ftp://ftp.biosciencedbc.jp/archive/open-tggates/LATEST/Rat/in_vivo/Liver/Single/bendazac.Rat.in_vivo.Liver.Single.zip,ftp://ftp.biosciencedbc.jp/archive/open-tggates/LATEST/Rat/in_vivo/Liver/Repeat/bendazac.Rat.in_vivo.Liver.Repeat.zip,,
benzbromarone,BBr,00021,ftp://ftp.biosciencedbc.jp/archive/open-tggates/LATEST/Human/in_vitro/benzbromarone.Human.in_vitro.Liver.zip,ftp://ftp.biosciencedbc.jp/archive/open-tggates/LATEST/Rat/in_vitro/benzbromarone.Rat.in_vitro.Liver.zip,ftp://ftp.biosciencedbc.jp/archive/open-tggates/LATEST/Rat/in_vivo/Liver/Single/benzbromarone.Rat.in_vivo.Liver.Single.zip,ftp://ftp.biosciencedbc.jp/archive/open-tggates/LATEST/Rat/in_vivo/Liver/Repeat/benzbromarone.Rat.in_vivo.Liver.Repeat.zip,,
benziodarone,BZD,00130,ftp://ftp.biosciencedbc.jp/archive/open-tggates/LATEST/Human/in_vitro/benziodarone.Human.in_vitro.Liver.zip,ftp://ftp.biosciencedbc.jp/archive/open-tggates/LATEST/Rat/in_vitro/benziodarone.Rat.in_vitro.Liver.zip,ftp://ftp.biosciencedbc.jp/archive/open-tggates/LATEST/Rat/in_vivo/Liver/Single/benziodarone.Rat.in_vivo.Liver.Single.zip,ftp://ftp.biosciencedbc.jp/archive/open-tggates/LATEST/Rat/in_vivo/Liver/Repeat/benziodarone.Rat.in_vivo.Liver.Repeat.zip,,
bortezomib,BOR,00184,,,ftp://ftp.biosciencedbc.jp/archive/open-tggates/LATEST/Rat/in_vivo/Liver/Single/bortezomib.Rat.in_vivo.Liver.Single.zip,,,
bromobenzene,BBZ,00032,ftp://ftp.biosciencedbc.jp/archive/open-tggates/LATEST/Human/in_vitro/bromobenzene.Human.in_vitro.Liver.zip,ftp://ftp.biosciencedbc.jp/archive/open-tggates/LATEST/Rat/in_vitro/bromobenzene.Rat.in_vitro.Liver.zip,ftp://ftp.biosciencedbc.jp/archive/open-tggates/LATEST/Rat/in_vivo/Liver/Single/bromobenzene.Rat.in_vivo.Liver.Single.zip,ftp://ftp.biosciencedbc.jp/archive/open-tggates/LATEST/Rat/in_vivo/Liver/Repeat/bromobenzene.Rat.in_vivo.Liver.Repeat.zip,ftp://ftp.biosciencedbc.jp/archive/open-tggates/LATEST/Rat/in_vivo/Kidney/Single/bromobenzene.Rat.in_vivo.Kidney.Single.zip,ftp://ftp.biosciencedbc.jp/archive/open-tggates/LATEST/Rat/in_vivo/Kidney/Repeat/bromobenzene.Rat.in_vivo.Kidney.Repeat.zip
bromoethylamine,BEA,00134,ftp://ftp.biosciencedbc.jp/archive/open-tggates/LATEST/Human/in_vitro/bromoethylamine.Human.in_vitro.Liver.zip,ftp://ftp.biosciencedbc.jp/archive/open-tggates/LATEST/Rat/in_vitro/bromoethylamine.Rat.in_vitro.Liver.zip,ftp://ftp.biosciencedbc.jp/archive/open-tggates/LATEST/Rat/in_vivo/Liver/Single/bromoethylamine.Rat.in_vivo.Liver.Single.zip,ftp://ftp.biosciencedbc.jp/archive/open-tggates/LATEST/Rat/in_vivo/Liver/Repeat/bromoethylamine.Rat.in_vivo.Liver.Repeat.zip,ftp://ftp.biosciencedbc.jp/archive/open-tggates/LATEST/Rat/in_vivo/Kidney/Single/bromoethylamine.Rat.in_vivo.Kidney.Single.zip,ftp://ftp.biosciencedbc.jp/archive/open-tggates/LATEST/Rat/in_vivo/Kidney/Repeat/bromoethylamine.Rat.in_vivo.Kidney.Repeat.zip
bucetin,BCT,00139,ftp://ftp.biosciencedbc.jp/archive/open-tggates/LATEST/Human/in_vitro/bucetin.Human.in_vitro.Liver.zip,ftp://ftp.biosciencedbc.jp/archive/open-tggates/LATEST/Rat/in_vitro/bucetin.Rat.in_vitro.Liver.zip,ftp://ftp.biosciencedbc.jp/archive/open-tggates/LATEST/Rat/in_vivo/Liver/Single/bucetin.Rat.in_vivo.Liver.Single.zip,ftp://ftp.biosciencedbc.jp/archive/open-tggates/LATEST/Rat/in_vivo/Liver/Repeat/bucetin.Rat.in_vivo.Liver.Repeat.zip,ftp://ftp.biosciencedbc.jp/archive/open-tggates/LATEST/Rat/in_vivo/Kidney/Single/bucetin.Rat.in_vivo.Kidney.Single.zip,ftp://ftp.biosciencedbc.jp/archive/open-tggates/LATEST/Rat/in_vivo/Kidney/Repeat/bucetin.Rat.in_vivo.Kidney.Repeat.zip
buspirone,BPR,00173,ftp://ftp.biosciencedbc.jp/archive/open-tggates/LATEST/Human/in_vitro/buspirone.Human.in_vitro.Liver.zip,ftp://ftp.biosciencedbc.jp/archive/open-tggates/LATEST/Rat/in_vitro/buspirone.Rat.in_vitro.Liver.zip,,,,
buthionine sulfoximine,BSO,00A04,ftp://ftp.biosciencedbc.jp/archive/open-tggates/LATEST/Human/in_vitro/buthionine_sulfoximine.Human.in_vitro.Liver.zip,ftp://ftp.biosciencedbc.jp/archive/open-tggates/LATEST/Rat/in_vitro/buthionine_sulfoximine.Rat.in_vitro.Liver.zip,ftp://ftp.biosciencedbc.jp/archive/open-tggates/LATEST/Rat/in_vivo/Liver/Single/buthionine_sulfoximine.Rat.in_vivo.Liver.Single.zip,,,
butylated hydroxyanisole,BHA,00156,ftp://ftp.biosciencedbc.jp/archive/open-tggates/LATEST/Human/in_vitro/butylated_hydroxyanisole.Human.in_vitro.Liver.zip,,ftp://ftp.biosciencedbc.jp/archive/open-tggates/LATEST/Rat/in_vivo/Liver/Single/butylated_hydroxyanisole.Rat.in_vivo.Liver.Single.zip,ftp://ftp.biosciencedbc.jp/archive/open-tggates/LATEST/Rat/in_vivo/Liver/Repeat/butylated_hydroxyanisole.Rat.in_vivo.Liver.Repeat.zip,,
caffeine,CAF,00097,ftp://ftp.biosciencedbc.jp/archive/open-tggates/LATEST/Human/in_vitro/caffeine.Human.in_vitro.Liver.zip,ftp://ftp.biosciencedbc.jp/archive/open-tggates/LATEST/Rat/in_vitro/caffeine.Rat.in_vitro.Liver.zip,ftp://ftp.biosciencedbc.jp/archive/open-tggates/LATEST/Rat/in_vivo/Liver/Single/caffeine.Rat.in_vivo.Liver.Single.zip,ftp://ftp.biosciencedbc.jp/archive/open-tggates/LATEST/Rat/in_vivo/Liver/Repeat/caffeine.Rat.in_vivo.Liver.Repeat.zip,ftp://ftp.biosciencedbc.jp/archive/open-tggates/LATEST/Rat/in_vivo/Kidney/Single/caffeine.Rat.in_vivo.Kidney.Single.zip,ftp://ftp.biosciencedbc.jp/archive/open-tggates/LATEST/Rat/in_vivo/Kidney/Repeat/caffeine.Rat.in_vivo.Kidney.Repeat.zip
captopril,CAP,00094,ftp://ftp.biosciencedbc.jp/archive/open-tggates/LATEST/Human/in_vitro/captopril.Human.in_vitro.Liver.zip,ftp://ftp.biosciencedbc.jp/archive/open-tggates/LATEST/Rat/in_vitro/captopril.Rat.in_vitro.Liver.zip,ftp://ftp.biosciencedbc.jp/archive/open-tggates/LATEST/Rat/in_vivo/Liver/Single/captopril.Rat.in_vivo.Liver.Single.zip,ftp://ftp.biosciencedbc.jp/archive/open-tggates/LATEST/Rat/in_vivo/Liver/Repeat/captopril.Rat.in_vivo.Liver.Repeat.zip,ftp://ftp.biosciencedbc.jp/archive/open-tggates/LATEST/Rat/in_vivo/Kidney/Single/captopril.Rat.in_vivo.Kidney.Single.zip,ftp://ftp.biosciencedbc.jp/archive/open-tggates/LATEST/Rat/in_vivo/Kidney/Repeat/captopril.Rat.in_vivo.Kidney.Repeat.zip
carbamazepine,CBZ,00018,ftp://ftp.biosciencedbc.jp/archive/open-tggates/LATEST/Human/in_vitro/carbamazepine.Human.in_vitro.Liver.zip,ftp://ftp.biosciencedbc.jp/archive/open-tggates/LATEST/Rat/in_vitro/carbamazepine.Rat.in_vitro.Liver.zip,ftp://ftp.biosciencedbc.jp/archive/open-tggates/LATEST/Rat/in_vivo/Liver/Single/carbamazepine.Rat.in_vivo.Liver.Single.zip,ftp://ftp.biosciencedbc.jp/archive/open-tggates/LATEST/Rat/in_vivo/Liver/Repeat/carbamazepine.Rat.in_vivo.Liver.Repeat.zip,,
carbon tetrachloride,CCL4,00003,ftp://ftp.biosciencedbc.jp/archive/open-tggates/LATEST/Human/in_vitro/carbon_tetrachloride.Human.in_vitro.Liver.zip,ftp://ftp.biosciencedbc.jp/archive/open-tggates/LATEST/Rat/in_vitro/carbon_tetrachloride.Rat.in_vitro.Liver.zip,ftp://ftp.biosciencedbc.jp/archive/open-tggates/LATEST/Rat/in_vivo/Liver/Single/carbon_tetrachloride.Rat.in_vivo.Liver.Single.zip,ftp://ftp.biosciencedbc.jp/archive/open-tggates/LATEST/Rat/in_vivo/Liver/Repeat/carbon_tetrachloride.Rat.in_vivo.Liver.Repeat.zip,,
carboplatin,CBP,00133,,ftp://ftp.biosciencedbc.jp/archive/open-tggates/LATEST/Rat/in_vitro/carboplatin.Rat.in_vitro.Liver.zip,ftp://ftp.biosciencedbc.jp/archive/open-tggates/LATEST/Rat/in_vivo/Liver/Single/carboplatin.Rat.in_vivo.Liver.Single.zip,ftp://ftp.biosciencedbc.jp/archive/open-tggates/LATEST/Rat/in_vivo/Liver/Repeat/carboplatin.Rat.in_vivo.Liver.Repeat.zip,ftp://ftp.biosciencedbc.jp/archive/open-tggates/LATEST/Rat/in_vivo/Kidney/Single/carboplatin.Rat.in_vivo.Kidney.Single.zip,ftp://ftp.biosciencedbc.jp/archive/open-tggates/LATEST/Rat/in_vivo/Kidney/Repeat/carboplatin.Rat.in_vivo.Kidney.Repeat.zip
cephalothin,CLT,00141,,ftp://ftp.biosciencedbc.jp/archive/open-tggates/LATEST/Rat/in_vitro/cephalothin.Rat.in_vitro.Liver.zip,ftp://ftp.biosciencedbc.jp/archive/open-tggates/LATEST/Rat/in_vivo/Liver/Single/cephalothin.Rat.in_vivo.Liver.Single.zip,ftp://ftp.biosciencedbc.jp/archive/open-tggates/LATEST/Rat/in_vivo/Liver/Repeat/cephalothin.Rat.in_vivo.Liver.Repeat.zip,ftp://ftp.biosciencedbc.jp/archive/open-tggates/LATEST/Rat/in_vivo/Kidney/Single/cephalothin.Rat.in_vivo.Kidney.Single.zip,ftp://ftp.biosciencedbc.jp/archive/open-tggates/LATEST/Rat/in_vivo/Kidney/Repeat/cephalothin.Rat.in_vivo.Kidney.Repeat.zip
chloramphenicol,CMP,00064,ftp://ftp.biosciencedbc.jp/archive/open-tggates/LATEST/Human/in_vitro/chloramphenicol.Human.in_vitro.Liver.zip,ftp://ftp.biosciencedbc.jp/archive/open-tggates/LATEST/Rat/in_vitro/chloramphenicol.Rat.in_vitro.Liver.zip,ftp://ftp.biosciencedbc.jp/archive/open-tggates/LATEST/Rat/in_vivo/Liver/Single/chloramphenicol.Rat.in_vivo.Liver.Single.zip,ftp://ftp.biosciencedbc.jp/archive/open-tggates/LATEST/Rat/in_vivo/Liver/Repeat/chloramphenicol.Rat.in_vivo.Liver.Repeat.zip,,
chlormadinone,CLM,00126,ftp://ftp.biosciencedbc.jp/archive/open-tggates/LATEST/Human/in_vitro/chlormadinone.Human.in_vitro.Liver.zip,ftp://ftp.biosciencedbc.jp/archive/open-tggates/LATEST/Rat/in_vitro/chlormadinone.Rat.in_vitro.Liver.zip,ftp://ftp.biosciencedbc.jp/archive/open-tggates/LATEST/Rat/in_vivo/Liver/Single/chlormadinone.Rat.in_vivo.Liver.Single.zip,ftp://ftp.biosciencedbc.jp/archive/open-tggates/LATEST/Rat/in_vivo/Liver/Repeat/chlormadinone.Rat.in_vivo.Liver.Repeat.zip,,
chlormezanone,CMN,00052,ftp://ftp.biosciencedbc.jp/archive/open-tggates/LATEST/Human/in_vitro/chlormezanone.Human.in_vitro.Liver.zip,ftp://ftp.biosciencedbc.jp/archive/open-tggates/LATEST/Rat/in_vitro/chlormezanone.Rat.in_vitro.Liver.zip,ftp://ftp.biosciencedbc.jp/archive/open-tggates/LATEST/Rat/in_vivo/Liver/Single/chlormezanone.Rat.in_vivo.Liver.Single.zip,ftp://ftp.biosciencedbc.jp/archive/open-tggates/LATEST/Rat/in_vivo/Liver/Repeat/chlormezanone.Rat.in_vivo.Liver.Repeat.zip,,
chlorpheniramine,CHL,00090,ftp://ftp.biosciencedbc.jp/archive/open-tggates/LATEST/Human/in_vitro/chlorpheniramine.Human.in_vitro.Liver.zip,ftp://ftp.biosciencedbc.jp/archive/open-tggates/LATEST/Rat/in_vitro/chlorpheniramine.Rat.in_vitro.Liver.zip,ftp://ftp.biosciencedbc.jp/archive/open-tggates/LATEST/Rat/in_vivo/Liver/Single/chlorpheniramine.Rat.in_vivo.Liver.Single.zip,ftp://ftp.biosciencedbc.jp/archive/open-tggates/LATEST/Rat/in_vivo/Liver/Repeat/chlorpheniramine.Rat.in_vivo.Liver.Repeat.zip,,
chlorpromazine,CPZ,00016,ftp://ftp.biosciencedbc.jp/archive/open-tggates/LATEST/Human/in_vitro/chlorpromazine.Human.in_vitro.Liver.zip,ftp://ftp.biosciencedbc.jp/archive/open-tggates/LATEST/Rat/in_vitro/chlorpromazine.Rat.in_vitro.Liver.zip,ftp://ftp.biosciencedbc.jp/archive/open-tggates/LATEST/Rat/in_vivo/Liver/Single/chlorpromazine.Rat.in_vivo.Liver.Single.zip,ftp://ftp.biosciencedbc.jp/archive/open-tggates/LATEST/Rat/in_vivo/Liver/Repeat/chlorpromazine.Rat.in_vivo.Liver.Repeat.zip,,
chlorpropamide,CPP,00080,ftp://ftp.biosciencedbc.jp/archive/open-tggates/LATEST/Human/in_vitro/chlorpropamide.Human.in_vitro.Liver.zip,ftp://ftp.biosciencedbc.jp/archive/open-tggates/LATEST/Rat/in_vitro/chlorpropamide.Rat.in_vitro.Liver.zip,ftp://ftp.biosciencedbc.jp/archive/open-tggates/LATEST/Rat/in_vivo/Liver/Single/chlorpropamide.Rat.in_vivo.Liver.Single.zip,ftp://ftp.biosciencedbc.jp/archive/open-tggates/LATEST/Rat/in_vivo/Liver/Repeat/chlorpropamide.Rat.in_vivo.Liver.Repeat.zip,,
cimetidine,CIM,00035,ftp://ftp.biosciencedbc.jp/archive/open-tggates/LATEST/Human/in_vitro/cimetidine.Human.in_vitro.Liver.zip,ftp://ftp.biosciencedbc.jp/archive/open-tggates/LATEST/Rat/in_vitro/cimetidine.Rat.in_vitro.Liver.zip,ftp://ftp.biosciencedbc.jp/archive/open-tggates/LATEST/Rat/in_vivo/Liver/Single/cimetidine.Rat.in_vivo.Liver.Single.zip,ftp://ftp.biosciencedbc.jp/archive/open-tggates/LATEST/Rat/in_vivo/Liver/Repeat/cimetidine.Rat.in_vivo.Liver.Repeat.zip,,
ciprofloxacin,CPX,00050,ftp://ftp.biosciencedbc.jp/archive/open-tggates/LATEST/Human/in_vitro/ciprofloxacin.Human.in_vitro.Liver.zip,ftp://ftp.biosciencedbc.jp/archive/open-tggates/LATEST/Rat/in_vitro/ciprofloxacin.Rat.in_vitro.Liver.zip,ftp://ftp.biosciencedbc.jp/archive/open-tggates/LATEST/Rat/in_vivo/Liver/Single/ciprofloxacin.Rat.in_vivo.Liver.Single.zip,ftp://ftp.biosciencedbc.jp/archive/open-tggates/LATEST/Rat/in_vivo/Liver/Repeat/ciprofloxacin.Rat.in_vivo.Liver.Repeat.zip,ftp://ftp.biosciencedbc.jp/archive/open-tggates/LATEST/Rat/in_vivo/Kidney/Single/ciprofloxacin.Rat.in_vivo.Kidney.Single.zip,ftp://ftp.biosciencedbc.jp/archive/open-tggates/LATEST/Rat/in_vivo/Kidney/Repeat/ciprofloxacin.Rat.in_vivo.Kidney.Repeat.zip
cisplatin,CSP,00132,,ftp://ftp.biosciencedbc.jp/archive/open-tggates/LATEST/Rat/in_vitro/cisplatin.Rat.in_vitro.Liver.zip,ftp://ftp.biosciencedbc.jp/archive/open-tggates/LATEST/Rat/in_vivo/Liver/Single/cisplatin.Rat.in_vivo.Liver.Single.zip,ftp://ftp.biosciencedbc.jp/archive/open-tggates/LATEST/Rat/in_vivo/Liver/Repeat/cisplatin.Rat.in_vivo.Liver.Repeat.zip,ftp://ftp.biosciencedbc.jp/archive/open-tggates/LATEST/Rat/in_vivo/Kidney/Single/cisplatin.Rat.in_vivo.Kidney.Single.zip,ftp://ftp.biosciencedbc.jp/archive/open-tggates/LATEST/Rat/in_vivo/Kidney/Repeat/cisplatin.Rat.in_vivo.Kidney.Repeat.zip
clofibrate,CFB,00006,ftp://ftp.biosciencedbc.jp/archive/open-tggates/LATEST/Human/in_vitro/clofibrate.Human.in_vitro.Liver.zip,ftp://ftp.biosciencedbc.jp/archive/open-tggates/LATEST/Rat/in_vitro/clofibrate.Rat.in_vitro.Liver.zip,ftp://ftp.biosciencedbc.jp/archive/open-tggates/LATEST/Rat/in_vivo/Liver/Single/clofibrate.Rat.in_vivo.Liver.Single.zip,ftp://ftp.biosciencedbc.jp/archive/open-tggates/LATEST/Rat/in_vivo/Liver/Repeat/clofibrate.Rat.in_vivo.Liver.Repeat.zip,ftp://ftp.biosciencedbc.jp/archive/open-tggates/LATEST/Rat/in_vivo/Kidney/Single/clofibrate.Rat.in_vivo.Kidney.Single.zip,ftp://ftp.biosciencedbc.jp/archive/open-tggates/LATEST/Rat/in_vivo/Kidney/Repeat/clofibrate.Rat.in_vivo.Kidney.Repeat.zip
clomipramine,CPM,00121,ftp://ftp.biosciencedbc.jp/archive/open-tggates/LATEST/Human/in_vitro/clomipramine.Human.in_vitro.Liver.zip,ftp://ftp.biosciencedbc.jp/archive/open-tggates/LATEST/Rat/in_vitro/clomipramine.Rat.in_vitro.Liver.zip,ftp://ftp.biosciencedbc.jp/archive/open-tggates/LATEST/Rat/in_vivo/Liver/Single/clomipramine.Rat.in_vivo.Liver.Single.zip,ftp://ftp.biosciencedbc.jp/archive/open-tggates/LATEST/Rat/in_vivo/Liver/Repeat/clomipramine.Rat.in_vivo.Liver.Repeat.zip,,
clozapine,CZP,00174,ftp://ftp.biosciencedbc.jp/archive/open-tggates/LATEST/Human/in_vitro/clozapine.Human.in_vitro.Liver.zip,ftp://ftp.biosciencedbc.jp/archive/open-tggates/LATEST/Rat/in_vitro/clozapine.Rat.in_vitro.Liver.zip,,,,
colchicine,COL,00113,ftp://ftp.biosciencedbc.jp/archive/open-tggates/LATEST/Human/in_vitro/colchicine.Human.in_vitro.Liver.zip,ftp://ftp.biosciencedbc.jp/archive/open-tggates/LATEST/Rat/in_vitro/colchicine.Rat.in_vitro.Liver.zip,ftp://ftp.biosciencedbc.jp/archive/open-tggates/LATEST/Rat/in_vivo/Liver/Single/colchicine.Rat.in_vivo.Liver.Single.zip,ftp://ftp.biosciencedbc.jp/archive/open-tggates/LATEST/Rat/in_vivo/Liver/Repeat/colchicine.Rat.in_vivo.Liver.Repeat.zip,,
coumarin,CMA,00027,ftp://ftp.biosciencedbc.jp/archive/open-tggates/LATEST/Human/in_vitro/coumarin.Human.in_vitro.Liver.zip,ftp://ftp.biosciencedbc.jp/archive/open-tggates/LATEST/Rat/in_vitro/coumarin.Rat.in_vitro.Liver.zip,ftp://ftp.biosciencedbc.jp/archive/open-tggates/LATEST/Rat/in_vivo/Liver/Single/coumarin.Rat.in_vivo.Liver.Single.zip,ftp://ftp.biosciencedbc.jp/archive/open-tggates/LATEST/Rat/in_vivo/Liver/Repeat/coumarin.Rat.in_vivo.Liver.Repeat.zip,,
cycloheximide,CHX,00A01,ftp://ftp.biosciencedbc.jp/archive/open-tggates/LATEST/Human/in_vitro/cycloheximide.Human.in_vitro.Liver.zip,ftp://ftp.biosciencedbc.jp/archive/open-tggates/LATEST/Rat/in_vitro/cycloheximide.Rat.in_vitro.Liver.zip,ftp://ftp.biosciencedbc.jp/archive/open-tggates/LATEST/Rat/in_vivo/Liver/Single/cycloheximide.Rat.in_vivo.Liver.Single.zip,,,
cyclophosphamide,CPA,00024,ftp://ftp.biosciencedbc.jp/archive/open-tggates/LATEST/Human/in_vitro/cyclophosphamide.Human.in_vitro.Liver.zip,ftp://ftp.biosciencedbc.jp/archive/open-tggates/LATEST/Rat/in_vitro/cyclophosphamide.Rat.in_vitro.Liver.zip,ftp://ftp.biosciencedbc.jp/archive/open-tggates/LATEST/Rat/in_vivo/Liver/Single/cyclophosphamide.Rat.in_vivo.Liver.Single.zip,ftp://ftp.biosciencedbc.jp/archive/open-tggates/LATEST/Rat/in_vivo/Liver/Repeat/cyclophosphamide.Rat.in_vivo.Liver.Repeat.zip,ftp://ftp.biosciencedbc.jp/archive/open-tggates/LATEST/Rat/in_vivo/Kidney/Single/cyclophosphamide.Rat.in_vivo.Kidney.Single.zip,ftp://ftp.biosciencedbc.jp/archive/open-tggates/LATEST/Rat/in_vivo/Kidney/Repeat/cyclophosphamide.Rat.in_vivo.Kidney.Repeat.zip
cyclosporine A,CSA,00142,ftp://ftp.biosciencedbc.jp/archive/open-tggates/LATEST/Human/in_vitro/cyclosporine_A.Human.in_vitro.Liver.zip,ftp://ftp.biosciencedbc.jp/archive/open-tggates/LATEST/Rat/in_vitro/cyclosporine_A.Rat.in_vitro.Liver.zip,ftp://ftp.biosciencedbc.jp/archive/open-tggates/LATEST/Rat/in_vivo/Liver/Single/cyclosporine_A.Rat.in_vivo.Liver.Single.zip,ftp://ftp.biosciencedbc.jp/archive/open-tggates/LATEST/Rat/in_vivo/Liver/Repeat/cyclosporine_A.Rat.in_vivo.Liver.Repeat.zip,ftp://ftp.biosciencedbc.jp/archive/open-tggates/LATEST/Rat/in_vivo/Kidney/Single/cyclosporine_A.Rat.in_vivo.Kidney.Single.zip,ftp://ftp.biosciencedbc.jp/archive/open-tggates/LATEST/Rat/in_vivo/Kidney/Repeat/cyclosporine_A.Rat.in_vivo.Kidney.Repeat.zip
danazol,DNZ,00127,ftp://ftp.biosciencedbc.jp/archive/open-tggates/LATEST/Human/in_vitro/danazol.Human.in_vitro.Liver.zip,ftp://ftp.biosciencedbc.jp/archive/open-tggates/LATEST/Rat/in_vitro/danazol.Rat.in_vitro.Liver.zip,ftp://ftp.biosciencedbc.jp/archive/open-tggates/LATEST/Rat/in_vivo/Liver/Single/danazol.Rat.in_vivo.Liver.Single.zip,ftp://ftp.biosciencedbc.jp/archive/open-tggates/LATEST/Rat/in_vivo/Liver/Repeat/danazol.Rat.in_vivo.Liver.Repeat.zip,,
dantrolene,DTL,00119,ftp://ftp.biosciencedbc.jp/archive/open-tggates/LATEST/Human/in_vitro/dantrolene.Human.in_vitro.Liver.zip,ftp://ftp.biosciencedbc.jp/archive/open-tggates/LATEST/Rat/in_vitro/dantrolene.Rat.in_vitro.Liver.zip,ftp://ftp.biosciencedbc.jp/archive/open-tggates/LATEST/Rat/in_vivo/Liver/Single/dantrolene.Rat.in_vivo.Liver.Single.zip,ftp://ftp.biosciencedbc.jp/archive/open-tggates/LATEST/Rat/in_vivo/Liver/Repeat/dantrolene.Rat.in_vivo.Liver.Repeat.zip,,
desmopressin acetate,DDAVP,00159,,,ftp://ftp.biosciencedbc.jp/archive/open-tggates/LATEST/Rat/in_vivo/Liver/Single/desmopressin_acetate.Rat.in_vivo.Liver.Single.zip,ftp://ftp.biosciencedbc.jp/archive/open-tggates/LATEST/Rat/in_vivo/Liver/Repeat/desmopressin_acetate.Rat.in_vivo.Liver.Repeat.zip,ftp://ftp.biosciencedbc.jp/archive/open-tggates/LATEST/Rat/in_vivo/Kidney/Single/desmopressin_acetate.Rat.in_vivo.Kidney.Single.zip,ftp://ftp.biosciencedbc.jp/archive/open-tggates/LATEST/Rat/in_vivo/Kidney/Repeat/desmopressin_acetate.Rat.in_vivo.Kidney.Repeat.zip
dexamethasone,DEX,00153,ftp://ftp.biosciencedbc.jp/archive/open-tggates/LATEST/Human/in_vitro/dexamethasone.Human.in_vitro.Liver.zip,,ftp://ftp.biosciencedbc.jp/archive/open-tggates/LATEST/Rat/in_vivo/Liver/Single/dexamethasone.Rat.in_vivo.Liver.Single.zip,,,
diazepam,DZP,00023,ftp://ftp.biosciencedbc.jp/archive/open-tggates/LATEST/Human/in_vitro/diazepam.Human.in_vitro.Liver.zip,ftp://ftp.biosciencedbc.jp/archive/open-tggates/LATEST/Rat/in_vitro/diazepam.Rat.in_vitro.Liver.zip,ftp://ftp.biosciencedbc.jp/archive/open-tggates/LATEST/Rat/in_vivo/Liver/Single/diazepam.Rat.in_vivo.Liver.Single.zip,ftp://ftp.biosciencedbc.jp/archive/open-tggates/LATEST/Rat/in_vivo/Liver/Repeat/diazepam.Rat.in_vivo.Liver.Repeat.zip,,
diclofenac,DFNa,00019,ftp://ftp.biosciencedbc.jp/archive/open-tggates/LATEST/Human/in_vitro/diclofenac.Human.in_vitro.Liver.zip,ftp://ftp.biosciencedbc.jp/archive/open-tggates/LATEST/Rat/in_vitro/diclofenac.Rat.in_vitro.Liver.zip,ftp://ftp.biosciencedbc.jp/archive/open-tggates/LATEST/Rat/in_vivo/Liver/Single/diclofenac.Rat.in_vivo.Liver.Single.zip,ftp://ftp.biosciencedbc.jp/archive/open-tggates/LATEST/Rat/in_vivo/Liver/Repeat/diclofenac.Rat.in_vivo.Liver.Repeat.zip,,
diethyl maleate,DEM,00A05,ftp://ftp.biosciencedbc.jp/archive/open-tggates/LATEST/Human/in_vitro/diethyl_maleate.Human.in_vitro.Liver.zip,ftp://ftp.biosciencedbc.jp/archive/open-tggates/LATEST/Rat/in_vitro/diethyl_maleate.Rat.in_vitro.Liver.zip,ftp://ftp.biosciencedbc.jp/archive/open-tggates/LATEST/Rat/in_vivo/Liver/Single/diethyl_maleate.Rat.in_vivo.Liver.Single.zip,,,
diltiazem,DIL,00092,ftp://ftp.biosciencedbc.jp/archive/open-tggates/LATEST/Human/in_vitro/diltiazem.Human.in_vitro.Liver.zip,ftp://ftp.biosciencedbc.jp/archive/open-tggates/LATEST/Rat/in_vitro/diltiazem.Rat.in_vitro.Liver.zip,ftp://ftp.biosciencedbc.jp/archive/open-tggates/LATEST/Rat/in_vivo/Liver/Single/diltiazem.Rat.in_vivo.Liver.Single.zip,ftp://ftp.biosciencedbc.jp/archive/open-tggates/LATEST/Rat/in_vivo/Liver/Repeat/diltiazem.Rat.in_vivo.Liver.Repeat.zip,,
disopyramide,DIS,00102,ftp://ftp.biosciencedbc.jp/archive/open-tggates/LATEST/Human/in_vitro/disopyramide.Human.in_vitro.Liver.zip,ftp://ftp.biosciencedbc.jp/archive/open-tggates/LATEST/Rat/in_vitro/disopyramide.Rat.in_vitro.Liver.zip,ftp://ftp.biosciencedbc.jp/archive/open-tggates/LATEST/Rat/in_vivo/Liver/Single/disopyramide.Rat.in_vivo.Liver.Single.zip,ftp://ftp.biosciencedbc.jp/archive/open-tggates/LATEST/Rat/in_vivo/Liver/Repeat/disopyramide.Rat.in_vivo.Liver.Repeat.zip,,
disulfiram,DSF,00109,ftp://ftp.biosciencedbc.jp/archive/open-tggates/LATEST/Human/in_vitro/disulfiram.Human.in_vitro.Liver.zip,ftp://ftp.biosciencedbc.jp/archive/open-tggates/LATEST/Rat/in_vitro/disulfiram.Rat.in_vitro.Liver.zip,ftp://ftp.biosciencedbc.jp/archive/open-tggates/LATEST/Rat/in_vivo/Liver/Single/disulfiram.Rat.in_vivo.Liver.Single.zip,ftp://ftp.biosciencedbc.jp/archive/open-tggates/LATEST/Rat/in_vivo/Liver/Repeat/disulfiram.Rat.in_vivo.Liver.Repeat.zip,,
doxorubicin,DOX,00149,ftp://ftp.biosciencedbc.jp/archive/open-tggates/LATEST/Human/in_vitro/doxorubicin.Human.in_vitro.Liver.zip,ftp://ftp.biosciencedbc.jp/archive/open-tggates/LATEST/Rat/in_vitro/doxorubicin.Rat.in_vitro.Liver.zip,ftp://ftp.biosciencedbc.jp/archive/open-tggates/LATEST/Rat/in_vivo/Liver/Single/doxorubicin.Rat.in_vivo.Liver.Single.zip,ftp://ftp.biosciencedbc.jp/archive/open-tggates/LATEST/Rat/in_vivo/Liver/Repeat/doxorubicin.Rat.in_vivo.Liver.Repeat.zip,ftp://ftp.biosciencedbc.jp/archive/open-tggates/LATEST/Rat/in_vivo/Kidney/Single/doxorubicin.Rat.in_vivo.Kidney.Single.zip,ftp://ftp.biosciencedbc.jp/archive/open-tggates/LATEST/Rat/in_vivo/Kidney/Repeat/doxorubicin.Rat.in_vivo.Kidney.Repeat.zip
enalapril,ENA,00095,ftp://ftp.biosciencedbc.jp/archive/open-tggates/LATEST/Human/in_vitro/enalapril.Human.in_vitro.Liver.zip,ftp://ftp.biosciencedbc.jp/archive/open-tggates/LATEST/Rat/in_vitro/enalapril.Rat.in_vitro.Liver.zip,ftp://ftp.biosciencedbc.jp/archive/open-tggates/LATEST/Rat/in_vivo/Liver/Single/enalapril.Rat.in_vivo.Liver.Single.zip,ftp://ftp.biosciencedbc.jp/archive/open-tggates/LATEST/Rat/in_vivo/Liver/Repeat/enalapril.Rat.in_vivo.Liver.Repeat.zip,ftp://ftp.biosciencedbc.jp/archive/open-tggates/LATEST/Rat/in_vivo/Kidney/Single/enalapril.Rat.in_vivo.Kidney.Single.zip,ftp://ftp.biosciencedbc.jp/archive/open-tggates/LATEST/Rat/in_vivo/Kidney/Repeat/enalapril.Rat.in_vivo.Kidney.Repeat.zip
erythromycin ethylsuccinate,EME,00082,ftp://ftp.biosciencedbc.jp/archive/open-tggates/LATEST/Human/in_vitro/erythromycin_ethylsuccinate.Human.in_vitro.Liver.zip,ftp://ftp.biosciencedbc.jp/archive/open-tggates/LATEST/Rat/in_vitro/erythromycin_ethylsuccinate.Rat.in_vitro.Liver.zip,ftp://ftp.biosciencedbc.jp/archive/open-tggates/LATEST/Rat/in_vivo/Liver/Single/erythromycin_ethylsuccinate.Rat.in_vivo.Liver.Single.zip,ftp://ftp.biosciencedbc.jp/archive/open-tggates/LATEST/Rat/in_vivo/Liver/Repeat/erythromycin_ethylsuccinate.Rat.in_vivo.Liver.Repeat.zip,ftp://ftp.biosciencedbc.jp/archive/open-tggates/LATEST/Rat/in_vivo/Kidney/Single/erythromycin_ethylsuccinate.Rat.in_vivo.Kidney.Single.zip,ftp://ftp.biosciencedbc.jp/archive/open-tggates/LATEST/Rat/in_vivo/Kidney/Repeat/erythromycin_ethylsuccinate.Rat.in_vivo.Kidney.Repeat.zip
ethambutol,EBU,00083,ftp://ftp.biosciencedbc.jp/archive/open-tggates/LATEST/Human/in_vitro/ethambutol.Human.in_vitro.Liver.zip,ftp://ftp.biosciencedbc.jp/archive/open-tggates/LATEST/Rat/in_vitro/ethambutol.Rat.in_vitro.Liver.zip,ftp://ftp.biosciencedbc.jp/archive/open-tggates/LATEST/Rat/in_vivo/Liver/Single/ethambutol.Rat.in_vivo.Liver.Single.zip,ftp://ftp.biosciencedbc.jp/archive/open-tggates/LATEST/Rat/in_vivo/Liver/Repeat/ethambutol.Rat.in_vivo.Liver.Repeat.zip,,
ethanol,ETN,00137,ftp://ftp.biosciencedbc.jp/archive/open-tggates/LATEST/Human/in_vitro/ethanol.Human.in_vitro.Liver.zip,ftp://ftp.biosciencedbc.jp/archive/open-tggates/LATEST/Rat/in_vitro/ethanol.Rat.in_vitro.Liver.zip,ftp://ftp.biosciencedbc.jp/archive/open-tggates/LATEST/Rat/in_vivo/Liver/Single/ethanol.Rat.in_vivo.Liver.Single.zip,ftp://ftp.biosciencedbc.jp/archive/open-tggates/LATEST/Rat/in_vivo/Liver/Repeat/ethanol.Rat.in_vivo.Liver.Repeat.zip,,
ethinylestradiol,EE,00055,ftp://ftp.biosciencedbc.jp/archive/open-tggates/LATEST/Human/in_vitro/ethinylestradiol.Human.in_vitro.Liver.zip,ftp://ftp.biosciencedbc.jp/archive/open-tggates/LATEST/Rat/in_vitro/ethinylestradiol.Rat.in_vitro.Liver.zip,ftp://ftp.biosciencedbc.jp/archive/open-tggates/LATEST/Rat/in_vivo/Liver/Single/ethinylestradiol.Rat.in_vivo.Liver.Single.zip,ftp://ftp.biosciencedbc.jp/archive/open-tggates/LATEST/Rat/in_vivo/Liver/Repeat/ethinylestradiol.Rat.in_vivo.Liver.Repeat.zip,ftp://ftp.biosciencedbc.jp/archive/open-tggates/LATEST/Rat/in_vivo/Kidney/Single/ethinylestradiol.Rat.in_vivo.Kidney.Single.zip,ftp://ftp.biosciencedbc.jp/archive/open-tggates/LATEST/Rat/in_vivo/Kidney/Repeat/ethinylestradiol.Rat.in_vivo.Kidney.Repeat.zip
ethionamide,ETH,00135,ftp://ftp.biosciencedbc.jp/archive/open-tggates/LATEST/Human/in_vitro/ethionamide.Human.in_vitro.Liver.zip,ftp://ftp.biosciencedbc.jp/archive/open-tggates/LATEST/Rat/in_vitro/ethionamide.Rat.in_vitro.Liver.zip,ftp://ftp.biosciencedbc.jp/archive/open-tggates/LATEST/Rat/in_vivo/Liver/Single/ethionamide.Rat.in_vivo.Liver.Single.zip,ftp://ftp.biosciencedbc.jp/archive/open-tggates/LATEST/Rat/in_vivo/Liver/Repeat/ethionamide.Rat.in_vivo.Liver.Repeat.zip,,
ethionine,ET,00013,ftp://ftp.biosciencedbc.jp/archive/open-tggates/LATEST/Human/in_vitro/ethionine.Human.in_vitro.Liver.zip,ftp://ftp.biosciencedbc.jp/archive/open-tggates/LATEST/Rat/in_vitro/ethionine.Rat.in_vitro.Liver.zip,ftp://ftp.biosciencedbc.jp/archive/open-tggates/LATEST/Rat/in_vivo/Liver/Single/ethionine.Rat.in_vivo.Liver.Single.zip,ftp://ftp.biosciencedbc.jp/archive/open-tggates/LATEST/Rat/in_vivo/Liver/Repeat/ethionine.Rat.in_vivo.Liver.Repeat.zip,ftp://ftp.biosciencedbc.jp/archive/open-tggates/LATEST/Rat/in_vivo/Kidney/Single/ethionine.Rat.in_vivo.Kidney.Single.zip,ftp://ftp.biosciencedbc.jp/archive/open-tggates/LATEST/Rat/in_vivo/Kidney/Repeat/ethionine.Rat.in_vivo.Kidney.Repeat.zip
etoposide,ETP,00131,ftp://ftp.biosciencedbc.jp/archive/open-tggates/LATEST/Human/in_vitro/etoposide.Human.in_vitro.Liver.zip,ftp://ftp.biosciencedbc.jp/archive/open-tggates/LATEST/Rat/in_vitro/etoposide.Rat.in_vitro.Liver.zip,ftp://ftp.biosciencedbc.jp/archive/open-tggates/LATEST/Rat/in_vivo/Liver/Single/etoposide.Rat.in_vivo.Liver.Single.zip,ftp://ftp.biosciencedbc.jp/archive/open-tggates/LATEST/Rat/in_vivo/Liver/Repeat/etoposide.Rat.in_vivo.Liver.Repeat.zip,,
famotidine,FAM,00085,ftp://ftp.biosciencedbc.jp/archive/open-tggates/LATEST/Human/in_vitro/famotidine.Human.in_vitro.Liver.zip,ftp://ftp.biosciencedbc.jp/archive/open-tggates/LATEST/Rat/in_vitro/famotidine.Rat.in_vitro.Liver.zip,ftp://ftp.biosciencedbc.jp/archive/open-tggates/LATEST/Rat/in_vivo/Liver/Single/famotidine.Rat.in_vivo.Liver.Single.zip,ftp://ftp.biosciencedbc.jp/archive/open-tggates/LATEST/Rat/in_vivo/Liver/Repeat/famotidine.Rat.in_vivo.Liver.Repeat.zip,,
fenofibrate,FFB,00079,ftp://ftp.biosciencedbc.jp/archive/open-tggates/LATEST/Human/in_vitro/fenofibrate.Human.in_vitro.Liver.zip,ftp://ftp.biosciencedbc.jp/archive/open-tggates/LATEST/Rat/in_vitro/fenofibrate.Rat.in_vitro.Liver.zip,ftp://ftp.biosciencedbc.jp/archive/open-tggates/LATEST/Rat/in_vivo/Liver/Single/fenofibrate.Rat.in_vivo.Liver.Single.zip,ftp://ftp.biosciencedbc.jp/archive/open-tggates/LATEST/Rat/in_vivo/Liver/Repeat/fenofibrate.Rat.in_vivo.Liver.Repeat.zip,,
fluoxetine hydrochloride,FLX,00158,ftp://ftp.biosciencedbc.jp/archive/open-tggates/LATEST/Human/in_vitro/fluoxetine_hydrochloride.Human.in_vitro.Liver.zip,,ftp://ftp.biosciencedbc.jp/archive/open-tggates/LATEST/Rat/in_vivo/Liver/Single/fluoxetine_hydrochloride.Rat.in_vivo.Liver.Single.zip,ftp://ftp.biosciencedbc.jp/archive/open-tggates/LATEST/Rat/in_vivo/Liver/Repeat/fluoxetine_hydrochloride.Rat.in_vivo.Liver.Repeat.zip,,
fluphenazine,FP,00037,ftp://ftp.biosciencedbc.jp/archive/open-tggates/LATEST/Human/in_vitro/fluphenazine.Human.in_vitro.Liver.zip,ftp://ftp.biosciencedbc.jp/archive/open-tggates/LATEST/Rat/in_vitro/fluphenazine.Rat.in_vitro.Liver.zip,ftp://ftp.biosciencedbc.jp/archive/open-tggates/LATEST/Rat/in_vivo/Liver/Single/fluphenazine.Rat.in_vivo.Liver.Single.zip,ftp://ftp.biosciencedbc.jp/archive/open-tggates/LATEST/Rat/in_vivo/Liver/Repeat/fluphenazine.Rat.in_vivo.Liver.Repeat.zip,,
flutamide,FT,00044,ftp://ftp.biosciencedbc.jp/archive/open-tggates/LATEST/Human/in_vitro/flutamide.Human.in_vitro.Liver.zip,ftp://ftp.biosciencedbc.jp/archive/open-tggates/LATEST/Rat/in_vitro/flutamide.Rat.in_vitro.Liver.zip,ftp://ftp.biosciencedbc.jp/archive/open-tggates/LATEST/Rat/in_vivo/Liver/Single/flutamide.Rat.in_vivo.Liver.Single.zip,ftp://ftp.biosciencedbc.jp/archive/open-tggates/LATEST/Rat/in_vivo/Liver/Repeat/flutamide.Rat.in_vivo.Liver.Repeat.zip,,
furosemide,FUR,00078,ftp://ftp.biosciencedbc.jp/archive/open-tggates/LATEST/Human/in_vitro/furosemide.Human.in_vitro.Liver.zip,ftp://ftp.biosciencedbc.jp/archive/open-tggates/LATEST/Rat/in_vitro/furosemide.Rat.in_vitro.Liver.zip,ftp://ftp.biosciencedbc.jp/archive/open-tggates/LATEST/Rat/in_vivo/Liver/Single/furosemide.Rat.in_vivo.Liver.Single.zip,ftp://ftp.biosciencedbc.jp/archive/open-tggates/LATEST/Rat/in_vivo/Liver/Repeat/furosemide.Rat.in_vivo.Liver.Repeat.zip,,
galactosamine,GaN,00A06,ftp://ftp.biosciencedbc.jp/archive/open-tggates/LATEST/Human/in_vitro/galactosamine.Human.in_vitro.Liver.zip,ftp://ftp.biosciencedbc.jp/archive/open-tggates/LATEST/Rat/in_vitro/galactosamine.Rat.in_vitro.Liver.zip,ftp://ftp.biosciencedbc.jp/archive/open-tggates/LATEST/Rat/in_vivo/Liver/Single/galactosamine.Rat.in_vivo.Liver.Single.zip,,,
gefitinib,GEF,00185,,,ftp://ftp.biosciencedbc.jp/archive/open-tggates/LATEST/Rat/in_vivo/Liver/Single/gefitinib.Rat.in_vivo.Liver.Single.zip,,,
gemfibrozil,GFZ,00031,ftp://ftp.biosciencedbc.jp/archive/open-tggates/LATEST/Human/in_vitro/gemfibrozil.Human.in_vitro.Liver.zip,ftp://ftp.biosciencedbc.jp/archive/open-tggates/LATEST/Rat/in_vitro/gemfibrozil.Rat.in_vitro.Liver.zip,ftp://ftp.biosciencedbc.jp/archive/open-tggates/LATEST/Rat/in_vivo/Liver/Single/gemfibrozil.Rat.in_vivo.Liver.Single.zip,ftp://ftp.biosciencedbc.jp/archive/open-tggates/LATEST/Rat/in_vivo/Liver/Repeat/gemfibrozil.Rat.in_vivo.Liver.Repeat.zip,,
gentamicin,GMC,00147,,ftp://ftp.biosciencedbc.jp/archive/open-tggates/LATEST/Rat/in_vitro/gentamicin.Rat.in_vitro.Liver.zip,ftp://ftp.biosciencedbc.jp/archive/open-tggates/LATEST/Rat/in_vivo/Liver/Single/gentamicin.Rat.in_vivo.Liver.Single.zip,ftp://ftp.biosciencedbc.jp/archive/open-tggates/LATEST/Rat/in_vivo/Liver/Repeat/gentamicin.Rat.in_vivo.Liver.Repeat.zip,ftp://ftp.biosciencedbc.jp/archive/open-tggates/LATEST/Rat/in_vivo/Kidney/Single/gentamicin.Rat.in_vivo.Kidney.Single.zip,ftp://ftp.biosciencedbc.jp/archive/open-tggates/LATEST/Rat/in_vivo/Kidney/Repeat/gentamicin.Rat.in_vivo.Kidney.Repeat.zip
glibenclamide,GBC,00042,ftp://ftp.biosciencedbc.jp/archive/open-tggates/LATEST/Human/in_vitro/glibenclamide.Human.in_vitro.Liver.zip,ftp://ftp.biosciencedbc.jp/archive/open-tggates/LATEST/Rat/in_vitro/glibenclamide.Rat.in_vitro.Liver.zip,ftp://ftp.biosciencedbc.jp/archive/open-tggates/LATEST/Rat/in_vivo/Liver/Single/glibenclamide.Rat.in_vivo.Liver.Single.zip,ftp://ftp.biosciencedbc.jp/archive/open-tggates/LATEST/Rat/in_vivo/Liver/Repeat/glibenclamide.Rat.in_vivo.Liver.Repeat.zip,,
griseofulvin,GF,00043,ftp://ftp.biosciencedbc.jp/archive/open-tggates/LATEST/Human/in_vitro/griseofulvin.Human.in_vitro.Liver.zip,ftp://ftp.biosciencedbc.jp/archive/open-tggates/LATEST/Rat/in_vitro/griseofulvin.Rat.in_vitro.Liver.zip,ftp://ftp.biosciencedbc.jp/archive/open-tggates/LATEST/Rat/in_vivo/Liver/Single/griseofulvin.Rat.in_vivo.Liver.Single.zip,ftp://ftp.biosciencedbc.jp/archive/open-tggates/LATEST/Rat/in_vivo/Liver/Repeat/griseofulvin.Rat.in_vivo.Liver.Repeat.zip,,
haloperidol,HPL,00036,ftp://ftp.biosciencedbc.jp/archive/open-tggates/LATEST/Human/in_vitro/haloperidol.Human.in_vitro.Liver.zip,ftp://ftp.biosciencedbc.jp/archive/open-tggates/LATEST/Rat/in_vitro/haloperidol.Rat.in_vitro.Liver.zip,ftp://ftp.biosciencedbc.jp/archive/open-tggates/LATEST/Rat/in_vivo/Liver/Single/haloperidol.Rat.in_vivo.Liver.Single.zip,ftp://ftp.biosciencedbc.jp/archive/open-tggates/LATEST/Rat/in_vivo/Liver/Repeat/haloperidol.Rat.in_vivo.Liver.Repeat.zip,,
"hepatocyte growth factor, human",hHGF,00183,ftp://ftp.biosciencedbc.jp/archive/open-tggates/LATEST/Human/in_vitro/hepatocyte_growth_factor%2C_human.Human.in_vitro.Liver.zip,,,,,
hexachlorobenzene,HCB,00022,ftp://ftp.biosciencedbc.jp/archive/open-tggates/LATEST/Human/in_vitro/hexachlorobenzene.Human.in_vitro.Liver.zip,ftp://ftp.biosciencedbc.jp/archive/open-tggates/LATEST/Rat/in_vitro/hexachlorobenzene.Rat.in_vitro.Liver.zip,ftp://ftp.biosciencedbc.jp/archive/open-tggates/LATEST/Rat/in_vivo/Liver/Single/hexachlorobenzene.Rat.in_vivo.Liver.Single.zip,ftp://ftp.biosciencedbc.jp/archive/open-tggates/LATEST/Rat/in_vivo/Liver/Repeat/hexachlorobenzene.Rat.in_vivo.Liver.Repeat.zip,ftp://ftp.biosciencedbc.jp/archive/open-tggates/LATEST/Rat/in_vivo/Kidney/Single/hexachlorobenzene.Rat.in_vivo.Kidney.Single.zip,ftp://ftp.biosciencedbc.jp/archive/open-tggates/LATEST/Rat/in_vivo/Kidney/Repeat/hexachlorobenzene.Rat.in_vivo.Kidney.Repeat.zip
hydroxyzine,HYZ,00071,ftp://ftp.biosciencedbc.jp/archive/open-tggates/LATEST/Human/in_vitro/hydroxyzine.Human.in_vitro.Liver.zip,ftp://ftp.biosciencedbc.jp/archive/open-tggates/LATEST/Rat/in_vitro/hydroxyzine.Rat.in_vitro.Liver.zip,ftp://ftp.biosciencedbc.jp/archive/open-tggates/LATEST/Rat/in_vivo/Liver/Single/hydroxyzine.Rat.in_vivo.Liver.Single.zip,ftp://ftp.biosciencedbc.jp/archive/open-tggates/LATEST/Rat/in_vivo/Liver/Repeat/hydroxyzine.Rat.in_vivo.Liver.Repeat.zip,,
ibuprofen,IBU,00072,ftp://ftp.biosciencedbc.jp/archive/open-tggates/LATEST/Human/in_vitro/ibuprofen.Human.in_vitro.Liver.zip,ftp://ftp.biosciencedbc.jp/archive/open-tggates/LATEST/Rat/in_vitro/ibuprofen.Rat.in_vitro.Liver.zip,ftp://ftp.biosciencedbc.jp/archive/open-tggates/LATEST/Rat/in_vivo/Liver/Single/ibuprofen.Rat.in_vivo.Liver.Single.zip,ftp://ftp.biosciencedbc.jp/archive/open-tggates/LATEST/Rat/in_vivo/Liver/Repeat/ibuprofen.Rat.in_vivo.Liver.Repeat.zip,,
"imatinib, methanesulfonate salt",IMA,00186,,,ftp://ftp.biosciencedbc.jp/archive/open-tggates/LATEST/Rat/in_vivo/Liver/Single/imatinib%2C_methanesulfonate_salt.Rat.in_vivo.Liver.Single.zip,,,
imipramine,IMI,00069,ftp://ftp.biosciencedbc.jp/archive/open-tggates/LATEST/Human/in_vitro/imipramine.Human.in_vitro.Liver.zip,ftp://ftp.biosciencedbc.jp/archive/open-tggates/LATEST/Rat/in_vitro/imipramine.Rat.in_vitro.Liver.zip,ftp://ftp.biosciencedbc.jp/archive/open-tggates/LATEST/Rat/in_vivo/Liver/Single/imipramine.Rat.in_vivo.Liver.Single.zip,ftp://ftp.biosciencedbc.jp/archive/open-tggates/LATEST/Rat/in_vivo/Liver/Repeat/imipramine.Rat.in_vivo.Liver.Repeat.zip,ftp://ftp.biosciencedbc.jp/archive/open-tggates/LATEST/Rat/in_vivo/Kidney/Single/imipramine.Rat.in_vivo.Kidney.Single.zip,ftp://ftp.biosciencedbc.jp/archive/open-tggates/LATEST/Rat/in_vivo/Kidney/Repeat/imipramine.Rat.in_vivo.Kidney.Repeat.zip
indomethacin,IM,00015,ftp://ftp.biosciencedbc.jp/archive/open-tggates/LATEST/Human/in_vitro/indomethacin.Human.in_vitro.Liver.zip,ftp://ftp.biosciencedbc.jp/archive/open-tggates/LATEST/Rat/in_vitro/indomethacin.Rat.in_vitro.Liver.zip,ftp://ftp.biosciencedbc.jp/archive/open-tggates/LATEST/Rat/in_vivo/Liver/Single/indomethacin.Rat.in_vivo.Liver.Single.zip,ftp://ftp.biosciencedbc.jp/archive/open-tggates/LATEST/Rat/in_vivo/Liver/Repeat/indomethacin.Rat.in_vivo.Liver.Repeat.zip,ftp://ftp.biosciencedbc.jp/archive/open-tggates/LATEST/Rat/in_vivo/Kidney/Single/indomethacin.Rat.in_vivo.Kidney.Single.zip,ftp://ftp.biosciencedbc.jp/archive/open-tggates/LATEST/Rat/in_vivo/Kidney/Repeat/indomethacin.Rat.in_vivo.Kidney.Repeat.zip
"interferon alpha, human",hIFNA,00179,ftp://ftp.biosciencedbc.jp/archive/open-tggates/LATEST/Human/in_vitro/interferon_alpha%2C_human.Human.in_vitro.Liver.zip,,,,,
"interleukin 1 beta, human",hIL1B,00180,ftp://ftp.biosciencedbc.jp/archive/open-tggates/LATEST/Human/in_vitro/interleukin_1_beta%2C_human.Human.in_vitro.Liver.zip,,,,,
"interleukin 6, human",hIL6,00181,ftp://ftp.biosciencedbc.jp/archive/open-tggates/LATEST/Human/in_vitro/interleukin_6%2C_human.Human.in_vitro.Liver.zip,,,,,
iproniazid,IPA,00062,ftp://ftp.biosciencedbc.jp/archive/open-tggates/LATEST/Human/in_vitro/iproniazid.Human.in_vitro.Liver.zip,ftp://ftp.biosciencedbc.jp/archive/open-tggates/LATEST/Rat/in_vitro/iproniazid.Rat.in_vitro.Liver.zip,ftp://ftp.biosciencedbc.jp/archive/open-tggates/LATEST/Rat/in_vivo/Liver/Single/iproniazid.Rat.in_vivo.Liver.Single.zip,ftp://ftp.biosciencedbc.jp/archive/open-tggates/LATEST/Rat/in_vivo/Liver/Repeat/iproniazid.Rat.in_vivo.Liver.Repeat.zip,,
isoniazid,INAH,00002,ftp://ftp.biosciencedbc.jp/archive/open-tggates/LATEST/Human/in_vitro/isoniazid.Human.in_vitro.Liver.zip,ftp://ftp.biosciencedbc.jp/archive/open-tggates/LATEST/Rat/in_vitro/isoniazid.Rat.in_vitro.Liver.zip,ftp://ftp.biosciencedbc.jp/archive/open-tggates/LATEST/Rat/in_vivo/Liver/Single/isoniazid.Rat.in_vivo.Liver.Single.zip,ftp://ftp.biosciencedbc.jp/archive/open-tggates/LATEST/Rat/in_vivo/Liver/Repeat/isoniazid.Rat.in_vivo.Liver.Repeat.zip,,
ketoconazole,KC,00047,ftp://ftp.biosciencedbc.jp/archive/open-tggates/LATEST/Human/in_vitro/ketoconazole.Human.in_vitro.Liver.zip,ftp://ftp.biosciencedbc.jp/archive/open-tggates/LATEST/Rat/in_vitro/ketoconazole.Rat.in_vitro.Liver.zip,ftp://ftp.biosciencedbc.jp/archive/open-tggates/LATEST/Rat/in_vivo/Liver/Single/ketoconazole.Rat.in_vivo.Liver.Single.zip,ftp://ftp.biosciencedbc.jp/archive/open-tggates/LATEST/Rat/in_vivo/Liver/Repeat/ketoconazole.Rat.in_vivo.Liver.Repeat.zip,ftp://ftp.biosciencedbc.jp/archive/open-tggates/LATEST/Rat/in_vivo/Kidney/Single/ketoconazole.Rat.in_vivo.Kidney.Single.zip,ftp://ftp.biosciencedbc.jp/archive/open-tggates/LATEST/Rat/in_vivo/Kidney/Repeat/ketoconazole.Rat.in_vivo.Kidney.Repeat.zip
labetalol,LBT,00040,ftp://ftp.biosciencedbc.jp/archive/open-tggates/LATEST/Human/in_vitro/labetalol.Human.in_vitro.Liver.zip,ftp://ftp.biosciencedbc.jp/archive/open-tggates/LATEST/Rat/in_vitro/labetalol.Rat.in_vitro.Liver.zip,ftp://ftp.biosciencedbc.jp/archive/open-tggates/LATEST/Rat/in_vivo/Liver/Single/labetalol.Rat.in_vivo.Liver.Single.zip,ftp://ftp.biosciencedbc.jp/archive/open-tggates/LATEST/Rat/in_vivo/Liver/Repeat/labetalol.Rat.in_vivo.Liver.Repeat.zip,,
lomustine,LS,00049,ftp://ftp.biosciencedbc.jp/archive/open-tggates/LATEST/Human/in_vitro/lomustine.Human.in_vitro.Liver.zip,ftp://ftp.biosciencedbc.jp/archive/open-tggates/LATEST/Rat/in_vitro/lomustine.Rat.in_vitro.Liver.zip,ftp://ftp.biosciencedbc.jp/archive/open-tggates/LATEST/Rat/in_vivo/Liver/Single/lomustine.Rat.in_vivo.Liver.Single.zip,ftp://ftp.biosciencedbc.jp/archive/open-tggates/LATEST/Rat/in_vivo/Liver/Repeat/lomustine.Rat.in_vivo.Liver.Repeat.zip,ftp://ftp.biosciencedbc.jp/archive/open-tggates/LATEST/Rat/in_vivo/Kidney/Single/lomustine.Rat.in_vivo.Kidney.Single.zip,ftp://ftp.biosciencedbc.jp/archive/open-tggates/LATEST/Rat/in_vivo/Kidney/Repeat/lomustine.Rat.in_vivo.Kidney.Repeat.zip
lornoxicam,LNX,00125,ftp://ftp.biosciencedbc.jp/archive/open-tggates/LATEST/Human/in_vitro/lornoxicam.Human.in_vitro.Liver.zip,ftp://ftp.biosciencedbc.jp/archive/open-tggates/LATEST/Rat/in_vitro/lornoxicam.Rat.in_vitro.Liver.zip,ftp://ftp.biosciencedbc.jp/archive/open-tggates/LATEST/Rat/in_vivo/Liver/Single/lornoxicam.Rat.in_vivo.Liver.Single.zip,ftp://ftp.biosciencedbc.jp/archive/open-tggates/LATEST/Rat/in_vivo/Liver/Repeat/lornoxicam.Rat.in_vivo.Liver.Repeat.zip,,
LPS,LPS,00A07,ftp://ftp.biosciencedbc.jp/archive/open-tggates/LATEST/Human/in_vitro/LPS.Human.in_vitro.Liver.zip,ftp://ftp.biosciencedbc.jp/archive/open-tggates/LATEST/Rat/in_vitro/LPS.Rat.in_vitro.Liver.zip,ftp://ftp.biosciencedbc.jp/archive/open-tggates/LATEST/Rat/in_vivo/Liver/Single/LPS.Rat.in_vivo.Liver.Single.zip,,,
mefenamic acid,MEF,00084,ftp://ftp.biosciencedbc.jp/archive/open-tggates/LATEST/Human/in_vitro/mefenamic_acid.Human.in_vitro.Liver.zip,ftp://ftp.biosciencedbc.jp/archive/open-tggates/LATEST/Rat/in_vitro/mefenamic_acid.Rat.in_vitro.Liver.zip,ftp://ftp.biosciencedbc.jp/archive/open-tggates/LATEST/Rat/in_vivo/Liver/Single/mefenamic_acid.Rat.in_vivo.Liver.Single.zip,ftp://ftp.biosciencedbc.jp/archive/open-tggates/LATEST/Rat/in_vivo/Liver/Repeat/mefenamic_acid.Rat.in_vivo.Liver.Repeat.zip,,
meloxicam,MLX,00124,ftp://ftp.biosciencedbc.jp/archive/open-tggates/LATEST/Human/in_vitro/meloxicam.Human.in_vitro.Liver.zip,ftp://ftp.biosciencedbc.jp/archive/open-tggates/LATEST/Rat/in_vitro/meloxicam.Rat.in_vitro.Liver.zip,ftp://ftp.biosciencedbc.jp/archive/open-tggates/LATEST/Rat/in_vivo/Liver/Single/meloxicam.Rat.in_vivo.Liver.Single.zip,ftp://ftp.biosciencedbc.jp/archive/open-tggates/LATEST/Rat/in_vivo/Liver/Repeat/meloxicam.Rat.in_vivo.Liver.Repeat.zip,,
metformin,MFM,00053,ftp://ftp.biosciencedbc.jp/archive/open-tggates/LATEST/Human/in_vitro/metformin.Human.in_vitro.Liver.zip,ftp://ftp.biosciencedbc.jp/archive/open-tggates/LATEST/Rat/in_vitro/metformin.Rat.in_vitro.Liver.zip,ftp://ftp.biosciencedbc.jp/archive/open-tggates/LATEST/Rat/in_vivo/Liver/Single/metformin.Rat.in_vivo.Liver.Single.zip,ftp://ftp.biosciencedbc.jp/archive/open-tggates/LATEST/Rat/in_vivo/Liver/Repeat/metformin.Rat.in_vivo.Liver.Repeat.zip,,
methapyrilene,MP,00025,ftp://ftp.biosciencedbc.jp/archive/open-tggates/LATEST/Human/in_vitro/methapyrilene.Human.in_vitro.Liver.zip,ftp://ftp.biosciencedbc.jp/archive/open-tggates/LATEST/Rat/in_vitro/methapyrilene.Rat.in_vitro.Liver.zip,ftp://ftp.biosciencedbc.jp/archive/open-tggates/LATEST/Rat/in_vivo/Liver/Single/methapyrilene.Rat.in_vivo.Liver.Single.zip,ftp://ftp.biosciencedbc.jp/archive/open-tggates/LATEST/Rat/in_vivo/Liver/Repeat/methapyrilene.Rat.in_vivo.Liver.Repeat.zip,,
methimazole,MTZ,00057,ftp://ftp.biosciencedbc.jp/archive/open-tggates/LATEST/Human/in_vitro/methimazole.Human.in_vitro.Liver.zip,ftp://ftp.biosciencedbc.jp/archive/open-tggates/LATEST/Rat/in_vitro/methimazole.Rat.in_vitro.Liver.zip,ftp://ftp.biosciencedbc.jp/archive/open-tggates/LATEST/Rat/in_vivo/Liver/Single/methimazole.Rat.in_vivo.Liver.Single.zip,ftp://ftp.biosciencedbc.jp/archive/open-tggates/LATEST/Rat/in_vivo/Liver/Repeat/methimazole.Rat.in_vivo.Liver.Repeat.zip,,
methyldopa,MDP,00056,ftp://ftp.biosciencedbc.jp/archive/open-tggates/LATEST/Human/in_vitro/methyldopa.Human.in_vitro.Liver.zip,ftp://ftp.biosciencedbc.jp/archive/open-tggates/LATEST/Rat/in_vitro/methyldopa.Rat.in_vitro.Liver.zip,ftp://ftp.biosciencedbc.jp/archive/open-tggates/LATEST/Rat/in_vivo/Liver/Single/methyldopa.Rat.in_vivo.Liver.Single.zip,ftp://ftp.biosciencedbc.jp/archive/open-tggates/LATEST/Rat/in_vivo/Liver/Repeat/methyldopa.Rat.in_vivo.Liver.Repeat.zip,,
methylene dianiline,DAPM,00155,ftp://ftp.biosciencedbc.jp/archive/open-tggates/LATEST/Human/in_vitro/methylene_dianiline.Human.in_vitro.Liver.zip,,ftp://ftp.biosciencedbc.jp/archive/open-tggates/LATEST/Rat/in_vivo/Liver/Single/methylene_dianiline.Rat.in_vivo.Liver.Single.zip,ftp://ftp.biosciencedbc.jp/archive/open-tggates/LATEST/Rat/in_vivo/Liver/Repeat/methylene_dianiline.Rat.in_vivo.Liver.Repeat.zip,,
methyltestosterone,MTS,00041,ftp://ftp.biosciencedbc.jp/archive/open-tggates/LATEST/Human/in_vitro/methyltestosterone.Human.in_vitro.Liver.zip,ftp://ftp.biosciencedbc.jp/archive/open-tggates/LATEST/Rat/in_vitro/methyltestosterone.Rat.in_vitro.Liver.zip,ftp://ftp.biosciencedbc.jp/archive/open-tggates/LATEST/Rat/in_vivo/Liver/Single/methyltestosterone.Rat.in_vivo.Liver.Single.zip,ftp://ftp.biosciencedbc.jp/archive/open-tggates/LATEST/Rat/in_vivo/Liver/Repeat/methyltestosterone.Rat.in_vivo.Liver.Repeat.zip,ftp://ftp.biosciencedbc.jp/archive/open-tggates/LATEST/Rat/in_vivo/Kidney/Single/methyltestosterone.Rat.in_vivo.Kidney.Single.zip,ftp://ftp.biosciencedbc.jp/archive/open-tggates/LATEST/Rat/in_vivo/Kidney/Repeat/methyltestosterone.Rat.in_vivo.Kidney.Repeat.zip
mexiletine,MEX,00103,ftp://ftp.biosciencedbc.jp/archive/open-tggates/LATEST/Human/in_vitro/mexiletine.Human.in_vitro.Liver.zip,ftp://ftp.biosciencedbc.jp/archive/open-tggates/LATEST/Rat/in_vitro/mexiletine.Rat.in_vitro.Liver.zip,ftp://ftp.biosciencedbc.jp/archive/open-tggates/LATEST/Rat/in_vivo/Liver/Single/mexiletine.Rat.in_vivo.Liver.Single.zip,ftp://ftp.biosciencedbc.jp/archive/open-tggates/LATEST/Rat/in_vivo/Liver/Repeat/mexiletine.Rat.in_vivo.Liver.Repeat.zip,,
monocrotaline,MCT,00058,ftp://ftp.biosciencedbc.jp/archive/open-tggates/LATEST/Human/in_vitro/monocrotaline.Human.in_vitro.Liver.zip,ftp://ftp.biosciencedbc.jp/archive/open-tggates/LATEST/Rat/in_vitro/monocrotaline.Rat.in_vitro.Liver.zip,ftp://ftp.biosciencedbc.jp/archive/open-tggates/LATEST/Rat/in_vivo/Liver/Single/monocrotaline.Rat.in_vivo.Liver.Single.zip,ftp://ftp.biosciencedbc.jp/archive/open-tggates/LATEST/Rat/in_vivo/Liver/Repeat/monocrotaline.Rat.in_vivo.Liver.Repeat.zip,ftp://ftp.biosciencedbc.jp/archive/open-tggates/LATEST/Rat/in_vivo/Kidney/Single/monocrotaline.Rat.in_vivo.Kidney.Single.zip,ftp://ftp.biosciencedbc.jp/archive/open-tggates/LATEST/Rat/in_vivo/Kidney/Repeat/monocrotaline.Rat.in_vivo.Kidney.Repeat.zip
moxisylyte,MXS,00061,ftp://ftp.biosciencedbc.jp/archive/open-tggates/LATEST/Human/in_vitro/moxisylyte.Human.in_vitro.Liver.zip,ftp://ftp.biosciencedbc.jp/archive/open-tggates/LATEST/Rat/in_vitro/moxisylyte.Rat.in_vitro.Liver.zip,ftp://ftp.biosciencedbc.jp/archive/open-tggates/LATEST/Rat/in_vivo/Liver/Single/moxisylyte.Rat.in_vivo.Liver.Single.zip,ftp://ftp.biosciencedbc.jp/archive/open-tggates/LATEST/Rat/in_vivo/Liver/Repeat/moxisylyte.Rat.in_vivo.Liver.Repeat.zip,,
N-methyl-N-nitrosourea,MNU,00164,ftp://ftp.biosciencedbc.jp/archive/open-tggates/LATEST/Human/in_vitro/N-methyl-N-nitrosourea.Human.in_vitro.Liver.zip,,ftp://ftp.biosciencedbc.jp/archive/open-tggates/LATEST/Rat/in_vivo/Liver/Single/N-methyl-N-nitrosourea.Rat.in_vivo.Liver.Single.zip,,,
N-nitrosomorpholine,NMOR,00163,ftp://ftp.biosciencedbc.jp/archive/open-tggates/LATEST/Human/in_vitro/N-nitrosomorpholine.Human.in_vitro.Liver.zip,,ftp://ftp.biosciencedbc.jp/archive/open-tggates/LATEST/Rat/in_vivo/Liver/Single/N-nitrosomorpholine.Rat.in_vivo.Liver.Single.zip,,,
naphthyl isothiocyanate,ANIT,00009,ftp://ftp.biosciencedbc.jp/archive/open-tggates/LATEST/Human/in_vitro/naphthyl_isothiocyanate.Human.in_vitro.Liver.zip,ftp://ftp.biosciencedbc.jp/archive/open-tggates/LATEST/Rat/in_vitro/naphthyl_isothiocyanate.Rat.in_vitro.Liver.zip,ftp://ftp.biosciencedbc.jp/archive/open-tggates/LATEST/Rat/in_vivo/Liver/Single/naphthyl_isothiocyanate.Rat.in_vivo.Liver.Single.zip,ftp://ftp.biosciencedbc.jp/archive/open-tggates/LATEST/Rat/in_vivo/Liver/Repeat/naphthyl_isothiocyanate.Rat.in_vivo.Liver.Repeat.zip,,
naproxen,NPX,00073,ftp://ftp.biosciencedbc.jp/archive/open-tggates/LATEST/Human/in_vitro/naproxen.Human.in_vitro.Liver.zip,ftp://ftp.biosciencedbc.jp/archive/open-tggates/LATEST/Rat/in_vitro/naproxen.Rat.in_vitro.Liver.zip,ftp://ftp.biosciencedbc.jp/archive/open-tggates/LATEST/Rat/in_vivo/Liver/Single/naproxen.Rat.in_vivo.Liver.Single.zip,ftp://ftp.biosciencedbc.jp/archive/open-tggates/LATEST/Rat/in_vivo/Liver/Repeat/naproxen.Rat.in_vivo.Liver.Repeat.zip,,
nefazodone,NZD,00175,ftp://ftp.biosciencedbc.jp/archive/open-tggates/LATEST/Human/in_vitro/nefazodone.Human.in_vitro.Liver.zip,ftp://ftp.biosciencedbc.jp/archive/open-tggates/LATEST/Rat/in_vitro/nefazodone.Rat.in_vitro.Liver.zip,,,,
nicotinic acid,NIC,00081,ftp://ftp.biosciencedbc.jp/archive/open-tggates/LATEST/Human/in_vitro/nicotinic_acid.Human.in_vitro.Liver.zip,ftp://ftp.biosciencedbc.jp/archive/open-tggates/LATEST/Rat/in_vitro/nicotinic_acid.Rat.in_vitro.Liver.zip,ftp://ftp.biosciencedbc.jp/archive/open-tggates/LATEST/Rat/in_vivo/Liver/Single/nicotinic_acid.Rat.in_vivo.Liver.Single.zip,ftp://ftp.biosciencedbc.jp/archive/open-tggates/LATEST/Rat/in_vivo/Liver/Repeat/nicotinic_acid.Rat.in_vivo.Liver.Repeat.zip,,
nifedipine,NIF,00091,ftp://ftp.biosciencedbc.jp/archive/open-tggates/LATEST/Human/in_vitro/nifedipine.Human.in_vitro.Liver.zip,ftp://ftp.biosciencedbc.jp/archive/open-tggates/LATEST/Rat/in_vitro/nifedipine.Rat.in_vitro.Liver.zip,ftp://ftp.biosciencedbc.jp/archive/open-tggates/LATEST/Rat/in_vivo/Liver/Single/nifedipine.Rat.in_vivo.Liver.Single.zip,ftp://ftp.biosciencedbc.jp/archive/open-tggates/LATEST/Rat/in_vivo/Liver/Repeat/nifedipine.Rat.in_vivo.Liver.Repeat.zip,,
nimesulide,NIM,00136,ftp://ftp.biosciencedbc.jp/archive/open-tggates/LATEST/Human/in_vitro/nimesulide.Human.in_vitro.Liver.zip,ftp://ftp.biosciencedbc.jp/archive/open-tggates/LATEST/Rat/in_vitro/nimesulide.Rat.in_vitro.Liver.zip,ftp://ftp.biosciencedbc.jp/archive/open-tggates/LATEST/Rat/in_vivo/Liver/Single/nimesulide.Rat.in_vivo.Liver.Single.zip,ftp://ftp.biosciencedbc.jp/archive/open-tggates/LATEST/Rat/in_vivo/Liver/Repeat/nimesulide.Rat.in_vivo.Liver.Repeat.zip,,
nitrofurantoin,NFT,00020,ftp://ftp.biosciencedbc.jp/archive/open-tggates/LATEST/Human/in_vitro/nitrofurantoin.Human.in_vitro.Liver.zip,ftp://ftp.biosciencedbc.jp/archive/open-tggates/LATEST/Rat/in_vitro/nitrofurantoin.Rat.in_vitro.Liver.zip,ftp://ftp.biosciencedbc.jp/archive/open-tggates/LATEST/Rat/in_vivo/Liver/Single/nitrofurantoin.Rat.in_vivo.Liver.Single.zip,ftp://ftp.biosciencedbc.jp/archive/open-tggates/LATEST/Rat/in_vivo/Liver/Repeat/nitrofurantoin.Rat.in_vivo.Liver.Repeat.zip,ftp://ftp.biosciencedbc.jp/archive/open-tggates/LATEST/Rat/in_vivo/Kidney/Single/nitrofurantoin.Rat.in_vivo.Kidney.Single.zip,ftp://ftp.biosciencedbc.jp/archive/open-tggates/LATEST/Rat/in_vivo/Kidney/Repeat/nitrofurantoin.Rat.in_vivo.Kidney.Repeat.zip
nitrofurazone,NFZ,00065,ftp://ftp.biosciencedbc.jp/archive/open-tggates/LATEST/Human/in_vitro/nitrofurazone.Human.in_vitro.Liver.zip,ftp://ftp.biosciencedbc.jp/archive/open-tggates/LATEST/Rat/in_vitro/nitrofurazone.Rat.in_vitro.Liver.zip,ftp://ftp.biosciencedbc.jp/archive/open-tggates/LATEST/Rat/in_vivo/Liver/Single/nitrofurazone.Rat.in_vivo.Liver.Single.zip,ftp://ftp.biosciencedbc.jp/archive/open-tggates/LATEST/Rat/in_vivo/Liver/Repeat/nitrofurazone.Rat.in_vivo.Liver.Repeat.zip,,
nitrosodiethylamine,DEN,00145,ftp://ftp.biosciencedbc.jp/archive/open-tggates/LATEST/Human/in_vitro/nitrosodiethylamine.Human.in_vitro.Liver.zip,ftp://ftp.biosciencedbc.jp/archive/open-tggates/LATEST/Rat/in_vitro/nitrosodiethylamine.Rat.in_vitro.Liver.zip,ftp://ftp.biosciencedbc.jp/archive/open-tggates/LATEST/Rat/in_vivo/Liver/Single/nitrosodiethylamine.Rat.in_vivo.Liver.Single.zip,ftp://ftp.biosciencedbc.jp/archive/open-tggates/LATEST/Rat/in_vivo/Liver/Repeat/nitrosodiethylamine.Rat.in_vivo.Liver.Repeat.zip,,
omeprazole,OPZ,00012,ftp://ftp.biosciencedbc.jp/archive/open-tggates/LATEST/Human/in_vitro/omeprazole.Human.in_vitro.Liver.zip,ftp://ftp.biosciencedbc.jp/archive/open-tggates/LATEST/Rat/in_vitro/omeprazole.Rat.in_vitro.Liver.zip,ftp://ftp.biosciencedbc.jp/archive/open-tggates/LATEST/Rat/in_vivo/Liver/Single/omeprazole.Rat.in_vivo.Liver.Single.zip,ftp://ftp.biosciencedbc.jp/archive/open-tggates/LATEST/Rat/in_vivo/Liver/Repeat/omeprazole.Rat.in_vivo.Liver.Repeat.zip,ftp://ftp.biosciencedbc.jp/archive/open-tggates/LATEST/Rat/in_vivo/Kidney/Single/omeprazole.Rat.in_vivo.Kidney.Single.zip,ftp://ftp.biosciencedbc.jp/archive/open-tggates/LATEST/Rat/in_vivo/Kidney/Repeat/omeprazole.Rat.in_vivo.Kidney.Repeat.zip
papaverine,PAP,00098,ftp://ftp.biosciencedbc.jp/archive/open-tggates/LATEST/Human/in_vitro/papaverine.Human.in_vitro.Liver.zip,ftp://ftp.biosciencedbc.jp/archive/open-tggates/LATEST/Rat/in_vitro/papaverine.Rat.in_vitro.Liver.zip,ftp://ftp.biosciencedbc.jp/archive/open-tggates/LATEST/Rat/in_vivo/Liver/Single/papaverine.Rat.in_vivo.Liver.Single.zip,ftp://ftp.biosciencedbc.jp/archive/open-tggates/LATEST/Rat/in_vivo/Liver/Repeat/papaverine.Rat.in_vivo.Liver.Repeat.zip,,
pemoline,PML,00051,ftp://ftp.biosciencedbc.jp/archive/open-tggates/LATEST/Human/in_vitro/pemoline.Human.in_vitro.Liver.zip,ftp://ftp.biosciencedbc.jp/archive/open-tggates/LATEST/Rat/in_vitro/pemoline.Rat.in_vitro.Liver.zip,ftp://ftp.biosciencedbc.jp/archive/open-tggates/LATEST/Rat/in_vivo/Liver/Single/pemoline.Rat.in_vivo.Liver.Single.zip,ftp://ftp.biosciencedbc.jp/archive/open-tggates/LATEST/Rat/in_vivo/Liver/Repeat/pemoline.Rat.in_vivo.Liver.Repeat.zip,,
penicillamine,PEN,00099,ftp://ftp.biosciencedbc.jp/archive/open-tggates/LATEST/Human/in_vitro/penicillamine.Human.in_vitro.Liver.zip,ftp://ftp.biosciencedbc.jp/archive/open-tggates/LATEST/Rat/in_vitro/penicillamine.Rat.in_vitro.Liver.zip,ftp://ftp.biosciencedbc.jp/archive/open-tggates/LATEST/Rat/in_vivo/Liver/Single/penicillamine.Rat.in_vivo.Liver.Single.zip,ftp://ftp.biosciencedbc.jp/archive/open-tggates/LATEST/Rat/in_vivo/Liver/Repeat/penicillamine.Rat.in_vivo.Liver.Repeat.zip,,
perhexiline,PH,00045,ftp://ftp.biosciencedbc.jp/archive/open-tggates/LATEST/Human/in_vitro/perhexiline.Human.in_vitro.Liver.zip,ftp://ftp.biosciencedbc.jp/archive/open-tggates/LATEST/Rat/in_vitro/perhexiline.Rat.in_vitro.Liver.zip,ftp://ftp.biosciencedbc.jp/archive/open-tggates/LATEST/Rat/in_vivo/Liver/Single/perhexiline.Rat.in_vivo.Liver.Single.zip,ftp://ftp.biosciencedbc.jp/archive/open-tggates/LATEST/Rat/in_vivo/Liver/Repeat/perhexiline.Rat.in_vivo.Liver.Repeat.zip,,
phalloidin,PHA,00A11,ftp://ftp.biosciencedbc.jp/archive/open-tggates/LATEST/Human/in_vitro/phalloidin.Human.in_vitro.Liver.zip,ftp://ftp.biosciencedbc.jp/archive/open-tggates/LATEST/Rat/in_vitro/phalloidin.Rat.in_vitro.Liver.zip,ftp://ftp.biosciencedbc.jp/archive/open-tggates/LATEST/Rat/in_vivo/Liver/Single/phalloidin.Rat.in_vivo.Liver.Single.zip,ftp://ftp.biosciencedbc.jp/archive/open-tggates/LATEST/Rat/in_vivo/Liver/Repeat/phalloidin.Rat.in_vivo.Liver.Repeat.zip,,
phenacetin,PCT,00138,ftp://ftp.biosciencedbc.jp/archive/open-tggates/LATEST/Human/in_vitro/phenacetin.Human.in_vitro.Liver.zip,ftp://ftp.biosciencedbc.jp/archive/open-tggates/LATEST/Rat/in_vitro/phenacetin.Rat.in_vitro.Liver.zip,ftp://ftp.biosciencedbc.jp/archive/open-tggates/LATEST/Rat/in_vivo/Liver/Single/phenacetin.Rat.in_vivo.Liver.Single.zip,ftp://ftp.biosciencedbc.jp/archive/open-tggates/LATEST/Rat/in_vivo/Liver/Repeat/phenacetin.Rat.in_vivo.Liver.Repeat.zip,ftp://ftp.biosciencedbc.jp/archive/open-tggates/LATEST/Rat/in_vivo/Kidney/Single/phenacetin.Rat.in_vivo.Kidney.Single.zip,ftp://ftp.biosciencedbc.jp/archive/open-tggates/LATEST/Rat/in_vivo/Kidney/Repeat/phenacetin.Rat.in_vivo.Kidney.Repeat.zip
phenobarbital,PB,00004,ftp://ftp.biosciencedbc.jp/archive/open-tggates/LATEST/Human/in_vitro/phenobarbital.Human.in_vitro.Liver.zip,ftp://ftp.biosciencedbc.jp/archive/open-tggates/LATEST/Rat/in_vitro/phenobarbital.Rat.in_vitro.Liver.zip,ftp://ftp.biosciencedbc.jp/archive/open-tggates/LATEST/Rat/in_vivo/Liver/Single/phenobarbital.Rat.in_vivo.Liver.Single.zip,ftp://ftp.biosciencedbc.jp/archive/open-tggates/LATEST/Rat/in_vivo/Liver/Repeat/phenobarbital.Rat.in_vivo.Liver.Repeat.zip,,
phenylanthranilic acid,NPAA,00140,ftp://ftp.biosciencedbc.jp/archive/open-tggates/LATEST/Human/in_vitro/phenylanthranilic_acid.Human.in_vitro.Liver.zip,ftp://ftp.biosciencedbc.jp/archive/open-tggates/LATEST/Rat/in_vitro/phenylanthranilic_acid.Rat.in_vitro.Liver.zip,ftp://ftp.biosciencedbc.jp/archive/open-tggates/LATEST/Rat/in_vivo/Liver/Single/phenylanthranilic_acid.Rat.in_vivo.Liver.Single.zip,ftp://ftp.biosciencedbc.jp/archive/open-tggates/LATEST/Rat/in_vivo/Liver/Repeat/phenylanthranilic_acid.Rat.in_vivo.Liver.Repeat.zip,ftp://ftp.biosciencedbc.jp/archive/open-tggates/LATEST/Rat/in_vivo/Kidney/Single/phenylanthranilic_acid.Rat.in_vivo.Kidney.Single.zip,ftp://ftp.biosciencedbc.jp/archive/open-tggates/LATEST/Rat/in_vivo/Kidney/Repeat/phenylanthranilic_acid.Rat.in_vivo.Kidney.Repeat.zip
phenylbutazone,PhB,00011,ftp://ftp.biosciencedbc.jp/archive/open-tggates/LATEST/Human/in_vitro/phenylbutazone.Human.in_vitro.Liver.zip,ftp://ftp.biosciencedbc.jp/archive/open-tggates/LATEST/Rat/in_vitro/phenylbutazone.Rat.in_vitro.Liver.zip,ftp://ftp.biosciencedbc.jp/archive/open-tggates/LATEST/Rat/in_vivo/Liver/Single/phenylbutazone.Rat.in_vivo.Liver.Single.zip,ftp://ftp.biosciencedbc.jp/archive/open-tggates/LATEST/Rat/in_vivo/Liver/Repeat/phenylbutazone.Rat.in_vivo.Liver.Repeat.zip,ftp://ftp.biosciencedbc.jp/archive/open-tggates/LATEST/Rat/in_vivo/Kidney/Single/phenylbutazone.Rat.in_vivo.Kidney.Single.zip,ftp://ftp.biosciencedbc.jp/archive/open-tggates/LATEST/Rat/in_vivo/Kidney/Repeat/phenylbutazone.Rat.in_vivo.Kidney.Repeat.zip
phenytoin,PHE,00026,ftp://ftp.biosciencedbc.jp/archive/open-tggates/LATEST/Human/in_vitro/phenytoin.Human.in_vitro.Liver.zip,ftp://ftp.biosciencedbc.jp/archive/open-tggates/LATEST/Rat/in_vitro/phenytoin.Rat.in_vitro.Liver.zip,ftp://ftp.biosciencedbc.jp/archive/open-tggates/LATEST/Rat/in_vivo/Liver/Single/phenytoin.Rat.in_vivo.Liver.Single.zip,ftp://ftp.biosciencedbc.jp/archive/open-tggates/LATEST/Rat/in_vivo/Liver/Repeat/phenytoin.Rat.in_vivo.Liver.Repeat.zip,,
phorone,PHO,00A03,ftp://ftp.biosciencedbc.jp/archive/open-tggates/LATEST/Human/in_vitro/phorone.Human.in_vitro.Liver.zip,ftp://ftp.biosciencedbc.jp/archive/open-tggates/LATEST/Rat/in_vitro/phorone.Rat.in_vitro.Liver.zip,ftp://ftp.biosciencedbc.jp/archive/open-tggates/LATEST/Rat/in_vivo/Liver/Single/phorone.Rat.in_vivo.Liver.Single.zip,,,
promethazine,PMZ,00110,ftp://ftp.biosciencedbc.jp/archive/open-tggates/LATEST/Human/in_vitro/promethazine.Human.in_vitro.Liver.zip,ftp://ftp.biosciencedbc.jp/archive/open-tggates/LATEST/Rat/in_vitro/promethazine.Rat.in_vitro.Liver.zip,ftp://ftp.biosciencedbc.jp/archive/open-tggates/LATEST/Rat/in_vivo/Liver/Single/promethazine.Rat.in_vivo.Liver.Single.zip,ftp://ftp.biosciencedbc.jp/archive/open-tggates/LATEST/Rat/in_vivo/Liver/Repeat/promethazine.Rat.in_vivo.Liver.Repeat.zip,,
propranolol,PPL,00170,ftp://ftp.biosciencedbc.jp/archive/open-tggates/LATEST/Human/in_vitro/propranolol.Human.in_vitro.Liver.zip,,ftp://ftp.biosciencedbc.jp/archive/open-tggates/LATEST/Rat/in_vivo/Liver/Single/propranolol.Rat.in_vivo.Liver.Single.zip,ftp://ftp.biosciencedbc.jp/archive/open-tggates/LATEST/Rat/in_vivo/Liver/Repeat/propranolol.Rat.in_vivo.Liver.Repeat.zip,,
propylthiouracil,PTU,00029,ftp://ftp.biosciencedbc.jp/archive/open-tggates/LATEST/Human/in_vitro/propylthiouracil.Human.in_vitro.Liver.zip,ftp://ftp.biosciencedbc.jp/archive/open-tggates/LATEST/Rat/in_vitro/propylthiouracil.Rat.in_vitro.Liver.zip,ftp://ftp.biosciencedbc.jp/archive/open-tggates/LATEST/Rat/in_vivo/Liver/Single/propylthiouracil.Rat.in_vivo.Liver.Single.zip,ftp://ftp.biosciencedbc.jp/archive/open-tggates/LATEST/Rat/in_vivo/Liver/Repeat/propylthiouracil.Rat.in_vivo.Liver.Repeat.zip,,
puromycin aminonucleoside,PAN,00143,,ftp://ftp.biosciencedbc.jp/archive/open-tggates/LATEST/Rat/in_vitro/puromycin_aminonucleoside.Rat.in_vitro.Liver.zip,ftp://ftp.biosciencedbc.jp/archive/open-tggates/LATEST/Rat/in_vivo/Liver/Single/puromycin_aminonucleoside.Rat.in_vivo.Liver.Single.zip,ftp://ftp.biosciencedbc.jp/archive/open-tggates/LATEST/Rat/in_vivo/Liver/Repeat/puromycin_aminonucleoside.Rat.in_vivo.Liver.Repeat.zip,ftp://ftp.biosciencedbc.jp/archive/open-tggates/LATEST/Rat/in_vivo/Kidney/Single/puromycin_aminonucleoside.Rat.in_vivo.Kidney.Single.zip,ftp://ftp.biosciencedbc.jp/archive/open-tggates/LATEST/Rat/in_vivo/Kidney/Repeat/puromycin_aminonucleoside.Rat.in_vivo.Kidney.Repeat.zip
quinidine,QND,00074,ftp://ftp.biosciencedbc.jp/archive/open-tggates/LATEST/Human/in_vitro/quinidine.Human.in_vitro.Liver.zip,ftp://ftp.biosciencedbc.jp/archive/open-tggates/LATEST/Rat/in_vitro/quinidine.Rat.in_vitro.Liver.zip,ftp://ftp.biosciencedbc.jp/archive/open-tggates/LATEST/Rat/in_vivo/Liver/Single/quinidine.Rat.in_vivo.Liver.Single.zip,ftp://ftp.biosciencedbc.jp/archive/open-tggates/LATEST/Rat/in_vivo/Liver/Repeat/quinidine.Rat.in_vivo.Liver.Repeat.zip,,
ranitidine,RAN,00086,ftp://ftp.biosciencedbc.jp/archive/open-tggates/LATEST/Human/in_vitro/ranitidine.Human.in_vitro.Liver.zip,ftp://ftp.biosciencedbc.jp/archive/open-tggates/LATEST/Rat/in_vitro/ranitidine.Rat.in_vitro.Liver.zip,ftp://ftp.biosciencedbc.jp/archive/open-tggates/LATEST/Rat/in_vivo/Liver/Single/ranitidine.Rat.in_vivo.Liver.Single.zip,ftp://ftp.biosciencedbc.jp/archive/open-tggates/LATEST/Rat/in_vivo/Liver/Repeat/ranitidine.Rat.in_vivo.Liver.Repeat.zip,,
rifampicin,RIF,00008,ftp://ftp.biosciencedbc.jp/archive/open-tggates/LATEST/Human/in_vitro/rifampicin.Human.in_vitro.Liver.zip,ftp://ftp.biosciencedbc.jp/archive/open-tggates/LATEST/Rat/in_vitro/rifampicin.Rat.in_vitro.Liver.zip,ftp://ftp.biosciencedbc.jp/archive/open-tggates/LATEST/Rat/in_vivo/Liver/Single/rifampicin.Rat.in_vivo.Liver.Single.zip,ftp://ftp.biosciencedbc.jp/archive/open-tggates/LATEST/Rat/in_vivo/Liver/Repeat/rifampicin.Rat.in_vivo.Liver.Repeat.zip,ftp://ftp.biosciencedbc.jp/archive/open-tggates/LATEST/Rat/in_vivo/Kidney/Single/rifampicin.Rat.in_vivo.Kidney.Single.zip,ftp://ftp.biosciencedbc.jp/archive/open-tggates/LATEST/Rat/in_vivo/Kidney/Repeat/rifampicin.Rat.in_vivo.Kidney.Repeat.zip
rosiglitazone maleate,RGZ,00151,ftp://ftp.biosciencedbc.jp/archive/open-tggates/LATEST/Human/in_vitro/rosiglitazone_maleate.Human.in_vitro.Liver.zip,,ftp://ftp.biosciencedbc.jp/archive/open-tggates/LATEST/Rat/in_vivo/Liver/Single/rosiglitazone_maleate.Rat.in_vivo.Liver.Single.zip,ftp://ftp.biosciencedbc.jp/archive/open-tggates/LATEST/Rat/in_vivo/Liver/Repeat/rosiglitazone_maleate.Rat.in_vivo.Liver.Repeat.zip,,
rotenone,ROT,00152,ftp://ftp.biosciencedbc.jp/archive/open-tggates/LATEST/Human/in_vitro/rotenone.Human.in_vitro.Liver.zip,,ftp://ftp.biosciencedbc.jp/archive/open-tggates/LATEST/Rat/in_vivo/Liver/Single/rotenone.Rat.in_vivo.Liver.Single.zip,ftp://ftp.biosciencedbc.jp/archive/open-tggates/LATEST/Rat/in_vivo/Liver/Repeat/rotenone.Rat.in_vivo.Liver.Repeat.zip,,
simvastatin,SST,00117,ftp://ftp.biosciencedbc.jp/archive/open-tggates/LATEST/Human/in_vitro/simvastatin.Human.in_vitro.Liver.zip,ftp://ftp.biosciencedbc.jp/archive/open-tggates/LATEST/Rat/in_vitro/simvastatin.Rat.in_vitro.Liver.zip,ftp://ftp.biosciencedbc.jp/archive/open-tggates/LATEST/Rat/in_vivo/Liver/Single/simvastatin.Rat.in_vivo.Liver.Single.zip,ftp://ftp.biosciencedbc.jp/archive/open-tggates/LATEST/Rat/in_vivo/Liver/Repeat/simvastatin.Rat.in_vivo.Liver.Repeat.zip,,
sulfasalazine,SS,00034,ftp://ftp.biosciencedbc.jp/archive/open-tggates/LATEST/Human/in_vitro/sulfasalazine.Human.in_vitro.Liver.zip,ftp://ftp.biosciencedbc.jp/archive/open-tggates/LATEST/Rat/in_vitro/sulfasalazine.Rat.in_vitro.Liver.zip,ftp://ftp.biosciencedbc.jp/archive/open-tggates/LATEST/Rat/in_vivo/Liver/Single/sulfasalazine.Rat.in_vivo.Liver.Single.zip,ftp://ftp.biosciencedbc.jp/archive/open-tggates/LATEST/Rat/in_vivo/Liver/Repeat/sulfasalazine.Rat.in_vivo.Liver.Repeat.zip,,
sulindac,SUL,00100,ftp://ftp.biosciencedbc.jp/archive/open-tggates/LATEST/Human/in_vitro/sulindac.Human.in_vitro.Liver.zip,ftp://ftp.biosciencedbc.jp/archive/open-tggates/LATEST/Rat/in_vitro/sulindac.Rat.in_vitro.Liver.zip,ftp://ftp.biosciencedbc.jp/archive/open-tggates/LATEST/Rat/in_vivo/Liver/Single/sulindac.Rat.in_vivo.Liver.Single.zip,ftp://ftp.biosciencedbc.jp/archive/open-tggates/LATEST/Rat/in_vivo/Liver/Repeat/sulindac.Rat.in_vivo.Liver.Repeat.zip,,
sulpiride,SLP,00115,ftp://ftp.biosciencedbc.jp/archive/open-tggates/LATEST/Human/in_vitro/sulpiride.Human.in_vitro.Liver.zip,ftp://ftp.biosciencedbc.jp/archive/open-tggates/LATEST/Rat/in_vitro/sulpiride.Rat.in_vitro.Liver.zip,ftp://ftp.biosciencedbc.jp/archive/open-tggates/LATEST/Rat/in_vivo/Liver/Single/sulpiride.Rat.in_vivo.Liver.Single.zip,ftp://ftp.biosciencedbc.jp/archive/open-tggates/LATEST/Rat/in_vivo/Liver/Repeat/sulpiride.Rat.in_vivo.Liver.Repeat.zip,,
tacrine,TAC,00060,ftp://ftp.biosciencedbc.jp/archive/open-tggates/LATEST/Human/in_vitro/tacrine.Human.in_vitro.Liver.zip,ftp://ftp.biosciencedbc.jp/archive/open-tggates/LATEST/Rat/in_vitro/tacrine.Rat.in_vitro.Liver.zip,ftp://ftp.biosciencedbc.jp/archive/open-tggates/LATEST/Rat/in_vivo/Liver/Single/tacrine.Rat.in_vivo.Liver.Single.zip,ftp://ftp.biosciencedbc.jp/archive/open-tggates/LATEST/Rat/in_vivo/Liver/Repeat/tacrine.Rat.in_vivo.Liver.Repeat.zip,,
tamoxifen,TMX,00054,ftp://ftp.biosciencedbc.jp/archive/open-tggates/LATEST/Human/in_vitro/tamoxifen.Human.in_vitro.Liver.zip,ftp://ftp.biosciencedbc.jp/archive/open-tggates/LATEST/Rat/in_vitro/tamoxifen.Rat.in_vitro.Liver.zip,ftp://ftp.biosciencedbc.jp/archive/open-tggates/LATEST/Rat/in_vivo/Liver/Single/tamoxifen.Rat.in_vivo.Liver.Single.zip,ftp://ftp.biosciencedbc.jp/archive/open-tggates/LATEST/Rat/in_vivo/Liver/Repeat/tamoxifen.Rat.in_vivo.Liver.Repeat.zip,,
tannic acid,TAN,00093,ftp://ftp.biosciencedbc.jp/archive/open-tggates/LATEST/Human/in_vitro/tannic_acid.Human.in_vitro.Liver.zip,ftp://ftp.biosciencedbc.jp/archive/open-tggates/LATEST/Rat/in_vitro/tannic_acid.Rat.in_vitro.Liver.zip,ftp://ftp.biosciencedbc.jp/archive/open-tggates/LATEST/Rat/in_vivo/Liver/Single/tannic_acid.Rat.in_vivo.Liver.Single.zip,ftp://ftp.biosciencedbc.jp/archive/open-tggates/LATEST/Rat/in_vivo/Liver/Repeat/tannic_acid.Rat.in_vivo.Liver.Repeat.zip,,
terbinafine,TBF,00123,ftp://ftp.biosciencedbc.jp/archive/open-tggates/LATEST/Human/in_vitro/terbinafine.Human.in_vitro.Liver.zip,ftp://ftp.biosciencedbc.jp/archive/open-tggates/LATEST/Rat/in_vitro/terbinafine.Rat.in_vitro.Liver.zip,ftp://ftp.biosciencedbc.jp/archive/open-tggates/LATEST/Rat/in_vivo/Liver/Single/terbinafine.Rat.in_vivo.Liver.Single.zip,ftp://ftp.biosciencedbc.jp/archive/open-tggates/LATEST/Rat/in_vivo/Liver/Repeat/terbinafine.Rat.in_vivo.Liver.Repeat.zip,,
tetracycline,TC,00048,ftp://ftp.biosciencedbc.jp/archive/open-tggates/LATEST/Human/in_vitro/tetracycline.Human.in_vitro.Liver.zip,ftp://ftp.biosciencedbc.jp/archive/open-tggates/LATEST/Rat/in_vitro/tetracycline.Rat.in_vitro.Liver.zip,ftp://ftp.biosciencedbc.jp/archive/open-tggates/LATEST/Rat/in_vivo/Liver/Single/tetracycline.Rat.in_vivo.Liver.Single.zip,ftp://ftp.biosciencedbc.jp/archive/open-tggates/LATEST/Rat/in_vivo/Liver/Repeat/tetracycline.Rat.in_vivo.Liver.Repeat.zip,,
theophylline,TEO,00096,ftp://ftp.biosciencedbc.jp/archive/open-tggates/LATEST/Human/in_vitro/theophylline.Human.in_vitro.Liver.zip,ftp://ftp.biosciencedbc.jp/archive/open-tggates/LATEST/Rat/in_vitro/theophylline.Rat.in_vitro.Liver.zip,ftp://ftp.biosciencedbc.jp/archive/open-tggates/LATEST/Rat/in_vivo/Liver/Single/theophylline.Rat.in_vivo.Liver.Single.zip,ftp://ftp.biosciencedbc.jp/archive/open-tggates/LATEST/Rat/in_vivo/Liver/Repeat/theophylline.Rat.in_vivo.Liver.Repeat.zip,,
thioacetamide,TAA,00017,ftp://ftp.biosciencedbc.jp/archive/open-tggates/LATEST/Human/in_vitro/thioacetamide.Human.in_vitro.Liver.zip,ftp://ftp.biosciencedbc.jp/archive/open-tggates/LATEST/Rat/in_vitro/thioacetamide.Rat.in_vitro.Liver.zip,ftp://ftp.biosciencedbc.jp/archive/open-tggates/LATEST/Rat/in_vivo/Liver/Single/thioacetamide.Rat.in_vivo.Liver.Single.zip,ftp://ftp.biosciencedbc.jp/archive/open-tggates/LATEST/Rat/in_vivo/Liver/Repeat/thioacetamide.Rat.in_vivo.Liver.Repeat.zip,ftp://ftp.biosciencedbc.jp/archive/open-tggates/LATEST/Rat/in_vivo/Kidney/Single/thioacetamide.Rat.in_vivo.Kidney.Single.zip,ftp://ftp.biosciencedbc.jp/archive/open-tggates/LATEST/Rat/in_vivo/Kidney/Repeat/thioacetamide.Rat.in_vivo.Kidney.Repeat.zip
thioridazine,TRZ,00038,ftp://ftp.biosciencedbc.jp/archive/open-tggates/LATEST/Human/in_vitro/thioridazine.Human.in_vitro.Liver.zip,ftp://ftp.biosciencedbc.jp/archive/open-tggates/LATEST/Rat/in_vitro/thioridazine.Rat.in_vitro.Liver.zip,ftp://ftp.biosciencedbc.jp/archive/open-tggates/LATEST/Rat/in_vivo/Liver/Single/thioridazine.Rat.in_vivo.Liver.Single.zip,ftp://ftp.biosciencedbc.jp/archive/open-tggates/LATEST/Rat/in_vivo/Liver/Repeat/thioridazine.Rat.in_vivo.Liver.Repeat.zip,,
ticlopidine,TCP,00146,ftp://ftp.biosciencedbc.jp/archive/open-tggates/LATEST/Human/in_vitro/ticlopidine.Human.in_vitro.Liver.zip,ftp://ftp.biosciencedbc.jp/archive/open-tggates/LATEST/Rat/in_vitro/ticlopidine.Rat.in_vitro.Liver.zip,ftp://ftp.biosciencedbc.jp/archive/open-tggates/LATEST/Rat/in_vivo/Liver/Single/ticlopidine.Rat.in_vivo.Liver.Single.zip,ftp://ftp.biosciencedbc.jp/archive/open-tggates/LATEST/Rat/in_vivo/Liver/Repeat/ticlopidine.Rat.in_vivo.Liver.Repeat.zip,,
tiopronin,TIO,00104,ftp://ftp.biosciencedbc.jp/archive/open-tggates/LATEST/Human/in_vitro/tiopronin.Human.in_vitro.Liver.zip,ftp://ftp.biosciencedbc.jp/archive/open-tggates/LATEST/Rat/in_vitro/tiopronin.Rat.in_vitro.Liver.zip,ftp://ftp.biosciencedbc.jp/archive/open-tggates/LATEST/Rat/in_vivo/Liver/Single/tiopronin.Rat.in_vivo.Liver.Single.zip,ftp://ftp.biosciencedbc.jp/archive/open-tggates/LATEST/Rat/in_vivo/Liver/Repeat/tiopronin.Rat.in_vivo.Liver.Repeat.zip,,
TNFƒ¿,TNF,00A08,ftp://ftp.biosciencedbc.jp/archive/open-tggates/LATEST/Human/in_vitro/TNFa.Human.in_vitro.Liver.zip,ftp://ftp.biosciencedbc.jp/archive/open-tggates/LATEST/Rat/in_vitro/TNFa.Rat.in_vitro.Liver.zip,ftp://ftp.biosciencedbc.jp/archive/open-tggates/LATEST/Rat/in_vivo/Liver/Single/TNFa.Rat.in_vivo.Liver.Single.zip,,,
tolbutamide,TLB,00114,ftp://ftp.biosciencedbc.jp/archive/open-tggates/LATEST/Human/in_vitro/tolbutamide.Human.in_vitro.Liver.zip,ftp://ftp.biosciencedbc.jp/archive/open-tggates/LATEST/Rat/in_vitro/tolbutamide.Rat.in_vitro.Liver.zip,ftp://ftp.biosciencedbc.jp/archive/open-tggates/LATEST/Rat/in_vivo/Liver/Single/tolbutamide.Rat.in_vivo.Liver.Single.zip,ftp://ftp.biosciencedbc.jp/archive/open-tggates/LATEST/Rat/in_vivo/Liver/Repeat/tolbutamide.Rat.in_vivo.Liver.Repeat.zip,,
transforming growth factor beta 1,TGFB1,00182,ftp://ftp.biosciencedbc.jp/archive/open-tggates/LATEST/Human/in_vitro/transforming_growth_factor_beta_1.Human.in_vitro.Liver.zip,,,,,
triamterene,TRI,00101,,ftp://ftp.biosciencedbc.jp/archive/open-tggates/LATEST/Rat/in_vitro/triamterene.Rat.in_vitro.Liver.zip,ftp://ftp.biosciencedbc.jp/archive/open-tggates/LATEST/Rat/in_vivo/Liver/Single/triamterene.Rat.in_vivo.Liver.Single.zip,ftp://ftp.biosciencedbc.jp/archive/open-tggates/LATEST/Rat/in_vivo/Liver/Repeat/triamterene.Rat.in_vivo.Liver.Repeat.zip,ftp://ftp.biosciencedbc.jp/archive/open-tggates/LATEST/Rat/in_vivo/Kidney/Single/triamterene.Rat.in_vivo.Kidney.Single.zip,ftp://ftp.biosciencedbc.jp/archive/open-tggates/LATEST/Rat/in_vivo/Kidney/Repeat/triamterene.Rat.in_vivo.Kidney.Repeat.zip
triazolam,TZM,00120,ftp://ftp.biosciencedbc.jp/archive/open-tggates/LATEST/Human/in_vitro/triazolam.Human.in_vitro.Liver.zip,ftp://ftp.biosciencedbc.jp/archive/open-tggates/LATEST/Rat/in_vitro/triazolam.Rat.in_vitro.Liver.zip,ftp://ftp.biosciencedbc.jp/archive/open-tggates/LATEST/Rat/in_vivo/Liver/Single/triazolam.Rat.in_vivo.Liver.Single.zip,ftp://ftp.biosciencedbc.jp/archive/open-tggates/LATEST/Rat/in_vivo/Liver/Repeat/triazolam.Rat.in_vivo.Liver.Repeat.zip,,
trimethadione,TMD,00122,ftp://ftp.biosciencedbc.jp/archive/open-tggates/LATEST/Human/in_vitro/trimethadione.Human.in_vitro.Liver.zip,ftp://ftp.biosciencedbc.jp/archive/open-tggates/LATEST/Rat/in_vitro/trimethadione.Rat.in_vitro.Liver.zip,ftp://ftp.biosciencedbc.jp/archive/open-tggates/LATEST/Rat/in_vivo/Liver/Single/trimethadione.Rat.in_vivo.Liver.Single.zip,ftp://ftp.biosciencedbc.jp/archive/open-tggates/LATEST/Rat/in_vivo/Liver/Repeat/trimethadione.Rat.in_vivo.Liver.Repeat.zip,,
tunicamycin,TUN,00A02,ftp://ftp.biosciencedbc.jp/archive/open-tggates/LATEST/Human/in_vitro/tunicamycin.Human.in_vitro.Liver.zip,ftp://ftp.biosciencedbc.jp/archive/open-tggates/LATEST/Rat/in_vitro/tunicamycin.Rat.in_vitro.Liver.zip,ftp://ftp.biosciencedbc.jp/archive/open-tggates/LATEST/Rat/in_vivo/Liver/Single/tunicamycin.Rat.in_vivo.Liver.Single.zip,,,
valproic acid,VPA,00005,ftp://ftp.biosciencedbc.jp/archive/open-tggates/LATEST/Human/in_vitro/valproic_acid.Human.in_vitro.Liver.zip,ftp://ftp.biosciencedbc.jp/archive/open-tggates/LATEST/Rat/in_vitro/valproic_acid.Rat.in_vitro.Liver.zip,ftp://ftp.biosciencedbc.jp/archive/open-tggates/LATEST/Rat/in_vivo/Liver/Single/valproic_acid.Rat.in_vivo.Liver.Single.zip,ftp://ftp.biosciencedbc.jp/archive/open-tggates/LATEST/Rat/in_vivo/Liver/Repeat/valproic_acid.Rat.in_vivo.Liver.Repeat.zip,ftp://ftp.biosciencedbc.jp/archive/open-tggates/LATEST/Rat/in_vivo/Kidney/Single/valproic_acid.Rat.in_vivo.Kidney.Single.zip,ftp://ftp.biosciencedbc.jp/archive/open-tggates/LATEST/Rat/in_vivo/Kidney/Repeat/valproic_acid.Rat.in_vivo.Kidney.Repeat.zip
venlafaxine,VLF,00172,ftp://ftp.biosciencedbc.jp/archive/open-tggates/LATEST/Human/in_vitro/venlafaxine.Human.in_vitro.Liver.zip,ftp://ftp.biosciencedbc.jp/archive/open-tggates/LATEST/Rat/in_vitro/venlafaxine.Rat.in_vitro.Liver.zip,,,,
vitamin A,VA,00059,ftp://ftp.biosciencedbc.jp/archive/open-tggates/LATEST/Human/in_vitro/vitamin_A.Human.in_vitro.Liver.zip,ftp://ftp.biosciencedbc.jp/archive/open-tggates/LATEST/Rat/in_vitro/vitamin_A.Rat.in_vitro.Liver.zip,ftp://ftp.biosciencedbc.jp/archive/open-tggates/LATEST/Rat/in_vivo/Liver/Single/vitamin_A.Rat.in_vivo.Liver.Single.zip,ftp://ftp.biosciencedbc.jp/archive/open-tggates/LATEST/Rat/in_vivo/Liver/Repeat/vitamin_A.Rat.in_vivo.Liver.Repeat.zip,,
WY-14643,WY,00030,ftp://ftp.biosciencedbc.jp/archive/open-tggates/LATEST/Human/in_vitro/WY-14643.Human.in_vitro.Liver.zip,ftp://ftp.biosciencedbc.jp/archive/open-tggates/LATEST/Rat/in_vitro/WY-14643.Rat.in_vitro.Liver.zip,ftp://ftp.biosciencedbc.jp/archive/open-tggates/LATEST/Rat/in_vivo/Liver/Single/WY-14643.Rat.in_vivo.Liver.Single.zip,ftp://ftp.biosciencedbc.jp/archive/open-tggates/LATEST/Rat/in_vivo/Liver/Repeat/WY-14643.Rat.in_vivo.Liver.Repeat.zip,,
